quantidade_estabelecimentos,municipio_cod_ibge,ano
2,1101484,2009
10,1101492,2009
4,1100320,2009
4,1101500,2009
1,1101559,2009
1,1101609,2009
3,1101708,2009
1,1101757,2009
4,1101807,2009
25,1100304,2009
8,1200013,2009
6,1200054,2009
12,1200104,2009
2,1200138,2009
5,1200179,2009
39,1200203,2009
9,1200252,2009
10,1200302,2009
5,1200328,2009
15,1200336,2009
5,1200344,2009
7,1200351,2009
10,1200385,2009
6,1200807,2009
4,1200393,2009
91,1200401,2009
6,1200427,2009
4,1200435,2009
14,1200500,2009
7,1200450,2009
14,1200609,2009
9,1200708,2009
5,1300029,2009
2,1300060,2009
5,1300086,2009
3,1300102,2009
6,1300144,2009
3,1300201,2009
10,1300300,2009
10,1300409,2009
6,1300508,2009
6,1300607,2009
2,1300631,2009
3,1300680,2009
7,1300706,2009
6,1300805,2009
9,1300839,2009
3,1300904,2009
6,1301001,2009
16,1301100,2009
8,1301159,2009
23,1301209,2009
9,1301308,2009
5,1301407,2009
7,1301506,2009
5,1301605,2009
3,1301654,2009
10,1301704,2009
6,1301803,2009
13,1301852,2009
11,1301902,2009
3,1301951,2009
4,1302009,2009
6,1302108,2009
3,1302207,2009
6,1302306,2009
14,1302405,2009
24,1302504,2009
3,1302553,2009
299,1302603,2009
13,1302702,2009
7,1302801,2009
5,1302900,2009
5,1303007,2009
5,1303106,2009
6,1303205,2009
7,1303304,2009
17,1303403,2009
8,1303502,2009
20,1303536,2009
11,1303569,2009
2,1303601,2009
5,1303700,2009
22,1303809,2009
4,1303908,2009
5,1303957,2009
6,1304005,2009
10,1304062,2009
8,1304104,2009
30,1304203,2009
4,1304237,2009
4,1304260,2009
7,1304302,2009
5,1304401,2009
31,1400050,2009
26,1400027,2009
56,1400100,2009
21,1400159,2009
18,1400175,2009
23,1400209,2009
10,1400233,2009
4,1400282,2009
11,1400308,2009
58,1400407,2009
66,1400456,2009
6,1400472,2009
2,1400506,2009
3,1400605,2009
53,1400704,2009
44,1500107,2009
4,1500131,2009
16,1500206,2009
22,1500305,2009
11,1500347,2009
6,1500404,2009
23,1500503,2009
43,1500602,2009
7,1500701,2009
45,1500800,2009
5,1500859,2009
17,1500909,2009
9,1500958,2009
6,1501006,2009
5,1501105,2009
11,1501204,2009
6,1501253,2009
29,1501303,2009
100,1501402,2009
10,1501451,2009
15,1501501,2009
8,1501576,2009
4,1501600,2009
20,1501709,2009
11,1501725,2009
10,1501758,2009
16,1501782,2009
26,1501808,2009
9,1501907,2009
14,1502004,2009
5,1501956,2009
32,1502103,2009
13,1502152,2009
23,1502202,2009
16,1502301,2009
48,1502400,2009
14,1502509,2009
10,1502608,2009
17,1502707,2009
7,1502756,2009
9,1502764,2009
11,1502772,2009
9,1502806,2009
6,1502855,2009
16,1502905,2009
8,1502939,2009
11,1502954,2009
8,1503002,2009
6,1503044,2009
6,1503077,2009
14,1503093,2009
26,1503101,2009
14,1503200,2009
11,1503309,2009
14,1503408,2009
11,1503457,2009
12,1503507,2009
21,1503606,2009
11,1503705,2009
13,1503754,2009
14,1503804,2009
13,1503903,2009
18,1504000,2009
12,1504059,2009
9,1504109,2009
31,1504208,2009
20,1504307,2009
14,1504406,2009
18,1504422,2009
9,1504455,2009
9,1504505,2009
13,1504604,2009
19,1504703,2009
37,1504802,2009
12,1504901,2009
5,1504950,2009
7,1504976,2009
6,1505007,2009
13,1505031,2009
29,1505064,2009
16,1505106,2009
12,1505205,2009
21,1505304,2009
7,1505403,2009
13,1505437,2009
13,1505486,2009
6,1505494,2009
15,1505502,2009
20,1505536,2009
8,1505551,2009
5,1505601,2009
11,1505635,2009
4,1505650,2009
7,1505700,2009
12,1505809,2009
14,1505908,2009
14,1506005,2009
7,1506104,2009
5,1506112,2009
17,1506138,2009
8,1506161,2009
16,1506187,2009
7,1506195,2009
13,1506203,2009
15,1506302,2009
9,1506351,2009
2,1506401,2009
16,1506500,2009
9,1506559,2009
8,1506583,2009
6,1506609,2009
7,1506708,2009
86,1506807,2009
3,1506906,2009
16,1507003,2009
7,1507102,2009
10,1507151,2009
9,1507201,2009
33,1507300,2009
9,1507409,2009
16,1507458,2009
4,1507466,2009
4,1507474,2009
12,1507508,2009
22,1507607,2009
10,1507706,2009
5,1507755,2009
9,1507805,2009
8,1507904,2009
6,1507953,2009
5,1507961,2009
13,1507979,2009
8,1508001,2009
13,1508035,2009
12,1508050,2009
19,1508084,2009
28,1508100,2009
6,1508126,2009
11,1508159,2009
16,1508209,2009
16,1508308,2009
6,1508357,2009
10,1508407,2009
7,1600105,2009
7,1600204,2009
6,1600212,2009
5,1600238,2009
7,1600253,2009
7,1600279,2009
74,1600303,2009
14,1600402,2009
23,1600501,2009
9,1600154,2009
7,1600535,2009
4,1600550,2009
21,1600600,2009
4,1600055,2009
14,1600709,2009
8,1600808,2009
1,1700251,2009
1,1700301,2009
3,1700350,2009
3,1700400,2009
2,1700707,2009
3,1701002,2009
1,1701051,2009
2,1701101,2009
3,1701309,2009
2,1701903,2009
7,1702000,2009
28,1702109,2009
3,1702158,2009
9,1702208,2009
2,1702307,2009
4,1702406,2009
7,1702554,2009
2,1702703,2009
2,1702901,2009
5,1703008,2009
2,1703057,2009
2,1703073,2009
1,1703107,2009
1,1703206,2009
1,1703305,2009
1,1703602,2009
3,1703701,2009
2,1703800,2009
1,1703826,2009
1,1703842,2009
2,1703867,2009
1,1703883,2009
2,1703891,2009
2,1703909,2009
1,1704105,2009
1,1705102,2009
1,1704600,2009
14,1705508,2009
5,1716703,2009
3,1705557,2009
2,1705607,2009
3,1706001,2009
2,1706100,2009
1,1706258,2009
1,1706506,2009
9,1707009,2009
2,1707108,2009
1,1707207,2009
2,1707306,2009
2,1707405,2009
3,1707553,2009
2,1707652,2009
4,1707702,2009
11,1708205,2009
1,1708254,2009
0,1708304,2009
3,1709005,2009
7,1709302,2009
20,1709500,2009
2,1709807,2009
2,1710508,2009
2,1710706,2009
1,1710904,2009
2,1711100,2009
4,1711506,2009
1,1711803,2009
6,1711902,2009
1,1711951,2009
2,1712009,2009
1,1712157,2009
1,1712405,2009
1,1712454,2009
3,1712504,2009
1,1712702,2009
1,1712801,2009
8,1713205,2009
5,1713304,2009
2,1713601,2009
2,1713700,2009
1,1713957,2009
5,1714203,2009
2,1714302,2009
3,1714880,2009
4,1715002,2009
2,1715101,2009
1,1715150,2009
2,1715259,2009
1,1715507,2009
61,1721000,2009
2,1715705,2009
1,1713809,2009
4,1715754,2009
11,1716109,2009
6,1716208,2009
1,1716307,2009
3,1716505,2009
6,1716604,2009
1,1716653,2009
2,1717008,2009
2,1717206,2009
4,1717503,2009
3,1717800,2009
2,1717909,2009
2,1718006,2009
19,1718204,2009
2,1718303,2009
2,1718402,2009
1,1718451,2009
1,1718501,2009
1,1718550,2009
2,1718659,2009
1,1718709,2009
3,1718758,2009
1,1718808,2009
3,1718840,2009
3,1718865,2009
1,1718881,2009
1,1718899,2009
3,1718907,2009
1,1719004,2009
1,1720002,2009
2,1720101,2009
1,1720150,2009
3,1720200,2009
2,1720259,2009
2,1720309,2009
4,1720499,2009
3,1720655,2009
4,1720804,2009
1,1720853,2009
6,1720903,2009
1,1720937,2009
4,1720978,2009
2,1721109,2009
6,1721208,2009
1,1721257,2009
1,1721307,2009
2,1722081,2009
2,1722107,2009
27,2100055,2009
2,2100105,2009
5,2100154,2009
13,2100204,2009
5,2100303,2009
5,2100402,2009
4,2100436,2009
17,2100477,2009
3,2100501,2009
4,2100550,2009
19,2100600,2009
14,2100709,2009
4,2100808,2009
5,2100832,2009
5,2100873,2009
13,2100907,2009
9,2100956,2009
12,2101004,2009
7,2101103,2009
26,2101202,2009
6,2101251,2009
9,2101301,2009
2,2101350,2009
29,2101400,2009
6,2101509,2009
41,2101608,2009
22,2101707,2009
7,2101772,2009
2,2101731,2009
7,2101806,2009
11,2101905,2009
2,2101939,2009
4,2101970,2009
15,2102002,2009
8,2102036,2009
3,2102077,2009
11,2102101,2009
4,2102150,2009
9,2102200,2009
5,2102309,2009
22,2102325,2009
7,2102358,2009
3,2102374,2009
4,2102408,2009
5,2102507,2009
6,2102556,2009
6,2102606,2009
7,2102705,2009
6,2102754,2009
13,2102804,2009
9,2102903,2009
44,2103000,2009
6,2103109,2009
8,2103125,2009
2,2103158,2009
4,2103174,2009
29,2103208,2009
14,2103257,2009
22,2103307,2009
12,2103406,2009
33,2103505,2009
2,2103554,2009
13,2103604,2009
23,2103703,2009
6,2103752,2009
12,2103802,2009
6,2103901,2009
10,2104008,2009
8,2104057,2009
4,2104073,2009
3,2104081,2009
3,2104099,2009
8,2104107,2009
8,2104206,2009
4,2104305,2009
8,2104404,2009
7,2104503,2009
6,2104552,2009
6,2104602,2009
3,2104628,2009
2,2104651,2009
11,2104677,2009
6,2104701,2009
25,2104800,2009
18,2104909,2009
12,2105005,2009
10,2105104,2009
8,2105153,2009
6,2105203,2009
54,2105302,2009
7,2105351,2009
28,2105401,2009
6,2105427,2009
7,2105450,2009
7,2105476,2009
7,2105500,2009
8,2105609,2009
2,2105658,2009
13,2105708,2009
6,2105807,2009
5,2105948,2009
6,2105906,2009
2,2105922,2009
2,2105963,2009
4,2105989,2009
5,2106003,2009
4,2106102,2009
3,2106201,2009
6,2106300,2009
7,2106326,2009
5,2106359,2009
4,2106375,2009
17,2106409,2009
9,2106508,2009
11,2106607,2009
5,2106631,2009
1,2106672,2009
7,2106706,2009
5,2106755,2009
15,2106805,2009
9,2106904,2009
3,2107001,2009
3,2107100,2009
6,2107209,2009
5,2107258,2009
2,2107308,2009
3,2107357,2009
7,2107407,2009
7,2107456,2009
6,2107506,2009
16,2107605,2009
11,2107704,2009
12,2107803,2009
2,2107902,2009
6,2108009,2009
5,2108058,2009
7,2108108,2009
19,2108207,2009
7,2108256,2009
10,2108306,2009
9,2108405,2009
6,2108454,2009
13,2108504,2009
26,2108603,2009
11,2108702,2009
11,2108801,2009
15,2108900,2009
10,2109007,2009
5,2109056,2009
15,2109106,2009
3,2109205,2009
4,2109239,2009
8,2109270,2009
5,2109304,2009
6,2109403,2009
5,2109452,2009
5,2109502,2009
4,2109551,2009
8,2109601,2009
3,2109700,2009
2,2109759,2009
19,2109809,2009
28,2109908,2009
16,2110005,2009
9,2110039,2009
10,2110104,2009
19,2110203,2009
2,2110237,2009
5,2110278,2009
9,2110302,2009
6,2110401,2009
17,2110500,2009
10,2110609,2009
4,2110658,2009
11,2110708,2009
3,2110807,2009
7,2110856,2009
6,2110906,2009
12,2111003,2009
2,2111029,2009
8,2111052,2009
5,2111078,2009
8,2111102,2009
20,2111201,2009
5,2111250,2009
71,2111300,2009
10,2111409,2009
10,2111508,2009
3,2111532,2009
1,2111573,2009
5,2111607,2009
3,2111631,2009
2,2111672,2009
17,2111706,2009
5,2111722,2009
2,2111748,2009
6,2111763,2009
8,2111789,2009
6,2111805,2009
4,2111904,2009
1,2111953,2009
6,2112001,2009
6,2112100,2009
36,2112209,2009
7,2112233,2009
3,2112274,2009
18,2112308,2009
17,2112407,2009
7,2112456,2009
12,2112506,2009
5,2112605,2009
16,2112704,2009
28,2112803,2009
4,2112852,2009
6,2112902,2009
25,2113009,2009
13,2114007,2009
2,2200053,2009
7,2200103,2009
16,2200202,2009
5,2200251,2009
3,2200277,2009
6,2200301,2009
11,2200400,2009
2,2200459,2009
20,2200509,2009
9,2200608,2009
4,2200707,2009
1,2200806,2009
6,2200905,2009
4,2200954,2009
2,2201002,2009
3,2201051,2009
4,2201101,2009
4,2201150,2009
1,2201176,2009
22,2201200,2009
1,2201309,2009
5,2201408,2009
18,2201507,2009
3,2201556,2009
1,2201572,2009
7,2201606,2009
5,2201705,2009
5,2201739,2009
1,2201770,2009
7,2201804,2009
11,2201903,2009
3,2201919,2009
3,2201929,2009
5,2201945,2009
8,2201960,2009
1,2201988,2009
14,2202000,2009
5,2202026,2009
6,2202059,2009
1,2202075,2009
3,2202083,2009
2,2202091,2009
4,2202109,2009
5,2202117,2009
4,2202133,2009
6,2202174,2009
23,2202208,2009
3,2202251,2009
13,2202307,2009
7,2202406,2009
3,2202455,2009
4,2202505,2009
3,2202539,2009
2,2202554,2009
14,2202604,2009
3,2202653,2009
10,2202703,2009
3,2202711,2009
2,2202729,2009
1,2202737,2009
4,2202752,2009
4,2202778,2009
4,2202802,2009
3,2202851,2009
22,2202901,2009
6,2203008,2009
8,2203107,2009
6,2203206,2009
2,2203230,2009
2,2203271,2009
1,2203255,2009
3,2203305,2009
4,2203354,2009
3,2203404,2009
3,2203453,2009
3,2203420,2009
6,2203503,2009
2,2203602,2009
20,2203701,2009
1,2203750,2009
4,2203800,2009
2,2203859,2009
28,2203909,2009
6,2204006,2009
3,2204105,2009
2,2204154,2009
5,2204204,2009
8,2204303,2009
8,2204352,2009
7,2204402,2009
6,2204501,2009
2,2204550,2009
5,2204600,2009
5,2204659,2009
13,2204709,2009
11,2204808,2009
5,2204907,2009
9,2205003,2009
7,2205102,2009
2,2205151,2009
9,2205201,2009
5,2205250,2009
5,2205276,2009
5,2205300,2009
2,2205359,2009
11,2205409,2009
3,2205458,2009
22,2205508,2009
3,2205516,2009
4,2205524,2009
4,2205532,2009
6,2205557,2009
5,2205573,2009
7,2205565,2009
1,2205581,2009
9,2205599,2009
5,2205540,2009
4,2205607,2009
18,2205706,2009
9,2205805,2009
1,2205854,2009
6,2205904,2009
2,2205953,2009
4,2206001,2009
7,2206050,2009
4,2206100,2009
17,2206209,2009
1,2206308,2009
6,2206357,2009
9,2206407,2009
6,2206506,2009
5,2206605,2009
4,2206654,2009
3,2206670,2009
3,2206696,2009
3,2206704,2009
2,2206720,2009
1,2206753,2009
4,2206803,2009
2,2207959,2009
10,2206902,2009
2,2206951,2009
25,2207009,2009
6,2207108,2009
6,2207207,2009
2,2207306,2009
3,2207355,2009
5,2207405,2009
8,2207504,2009
6,2207553,2009
4,2207603,2009
29,2207702,2009
2,2207751,2009
2,2207777,2009
1,2207793,2009
12,2207801,2009
1,2207850,2009
19,2207900,2009
1,2207934,2009
51,2208007,2009
17,2208106,2009
8,2208205,2009
21,2208304,2009
28,2208403,2009
3,2208502,2009
2,2208551,2009
3,2208601,2009
3,2208650,2009
6,2208700,2009
7,2208809,2009
1,2208858,2009
3,2208874,2009
6,2208908,2009
2,2209005,2009
2,2209104,2009
3,2209153,2009
2,2209203,2009
4,2209302,2009
4,2209377,2009
4,2209351,2009
7,2209401,2009
6,2209450,2009
2,2209500,2009
2,2209559,2009
4,2209609,2009
3,2209658,2009
7,2209708,2009
2,2209757,2009
5,2209807,2009
4,2209856,2009
3,2209872,2009
5,2209906,2009
5,2209955,2009
5,2209971,2009
6,2210003,2009
4,2210052,2009
3,2210102,2009
8,2210201,2009
4,2210300,2009
4,2210359,2009
4,2210375,2009
2,2210383,2009
1,2210391,2009
11,2210409,2009
16,2210508,2009
17,2210607,2009
7,2210623,2009
4,2210631,2009
5,2210656,2009
8,2210706,2009
12,2210805,2009
6,2210904,2009
5,2210938,2009
1,2210953,2009
5,2210979,2009
75,2211001,2009
22,2211100,2009
8,2211209,2009
30,2211308,2009
2,2211357,2009
2,2211407,2009
4,2211506,2009
4,2211605,2009
5,2211704,2009
6,2300101,2009
14,2300150,2009
21,2300200,2009
19,2300309,2009
7,2300408,2009
7,2300507,2009
9,2300606,2009
12,2300705,2009
12,2300754,2009
4,2300804,2009
17,2300903,2009
44,2301000,2009
72,2301109,2009
17,2301208,2009
5,2301257,2009
14,2301307,2009
11,2301406,2009
5,2301505,2009
9,2301604,2009
17,2301703,2009
2,2301802,2009
13,2301851,2009
43,2301901,2009
17,2301950,2009
14,2302008,2009
6,2302057,2009
19,2302107,2009
62,2302206,2009
16,2302305,2009
27,2302404,2009
31,2302503,2009
24,2302602,2009
17,2302701,2009
39,2302800,2009
13,2302909,2009
13,2303006,2009
13,2303105,2009
41,2303204,2009
12,2303303,2009
14,2303402,2009
45,2303501,2009
10,2303600,2009
7,2303659,2009
49,2303709,2009
24,2303808,2009
6,2303907,2009
8,2303931,2009
13,2303956,2009
12,2304004,2009
32,2304103,2009
39,2304202,2009
8,2304236,2009
12,2304251,2009
8,2304269,2009
7,2304277,2009
25,2304285,2009
15,2304301,2009
12,2304350,2009
105,2304400,2009
11,2304459,2009
6,2304509,2009
9,2304608,2009
9,2304657,2009
12,2304707,2009
7,2304806,2009
5,2304905,2009
11,2304954,2009
19,2305001,2009
8,2305100,2009
9,2305209,2009
20,2305233,2009
8,2305266,2009
15,2305308,2009
10,2305332,2009
11,2305357,2009
26,2305407,2009
42,2305506,2009
17,2305605,2009
8,2305654,2009
5,2305704,2009
14,2305803,2009
13,2305902,2009
10,2306009,2009
10,2306108,2009
13,2306207,2009
20,2306256,2009
32,2306306,2009
35,2306405,2009
10,2306504,2009
14,2306553,2009
11,2306603,2009
6,2306702,2009
5,2306801,2009
11,2306900,2009
34,2307007,2009
17,2307106,2009
11,2307205,2009
10,2307254,2009
67,2307304,2009
9,2307403,2009
11,2307502,2009
46,2307601,2009
16,2307635,2009
34,2307650,2009
38,2307700,2009
9,2307809,2009
6,2307908,2009
15,2308005,2009
17,2308104,2009
7,2308203,2009
28,2308302,2009
8,2308351,2009
8,2308377,2009
20,2308401,2009
13,2308500,2009
11,2308609,2009
32,2308708,2009
5,2308807,2009
7,2308906,2009
9,2309003,2009
6,2309102,2009
7,2309201,2009
16,2309300,2009
12,2309409,2009
15,2309458,2009
14,2309508,2009
17,2309607,2009
15,2309706,2009
21,2309805,2009
4,2309904,2009
11,2310001,2009
10,2310100,2009
18,2310209,2009
13,2310258,2009
21,2310308,2009
13,2310407,2009
17,2310506,2009
11,2310605,2009
24,2310704,2009
6,2310803,2009
15,2310852,2009
6,2310902,2009
3,2310951,2009
5,2311009,2009
16,2311108,2009
8,2311207,2009
7,2311231,2009
14,2311264,2009
30,2311306,2009
9,2311355,2009
34,2311405,2009
13,2311504,2009
27,2311603,2009
7,2311702,2009
63,2311801,2009
10,2311900,2009
11,2311959,2009
20,2312205,2009
13,2312007,2009
7,2312106,2009
15,2312304,2009
22,2312403,2009
12,2312502,2009
12,2312601,2009
17,2312700,2009
4,2312809,2009
50,2312908,2009
9,2313005,2009
12,2313104,2009
16,2313203,2009
3,2313252,2009
29,2313302,2009
17,2313351,2009
27,2313401,2009
16,2313500,2009
7,2313559,2009
17,2313609,2009
4,2313708,2009
8,2313757,2009
16,2313807,2009
6,2313906,2009
6,2313955,2009
14,2314003,2009
17,2314102,2009
11,2400109,2009
15,2400208,2009
4,2400307,2009
2,2400406,2009
9,2400505,2009
3,2400604,2009
9,2400703,2009
7,2400802,2009
8,2400901,2009
7,2401008,2009
7,2401107,2009
7,2401206,2009
4,2401305,2009
8,2401404,2009
8,2401453,2009
4,2401503,2009
6,2401602,2009
1,2401651,2009
6,2401701,2009
5,2401800,2009
2,2401859,2009
4,2401909,2009
33,2402006,2009
7,2402105,2009
18,2402204,2009
9,2402303,2009
8,2402402,2009
3,2402501,2009
30,2402600,2009
6,2402709,2009
7,2402808,2009
4,2402907,2009
9,2403004,2009
13,2403103,2009
7,2403202,2009
3,2403301,2009
3,2403400,2009
6,2403509,2009
9,2403608,2009
3,2403707,2009
1,2403756,2009
13,2403806,2009
3,2403905,2009
7,2404002,2009
2,2404101,2009
8,2404200,2009
5,2404309,2009
5,2404408,2009
11,2404507,2009
8,2404606,2009
9,2404705,2009
3,2404804,2009
2,2404853,2009
3,2404903,2009
5,2405009,2009
4,2405108,2009
4,2405207,2009
10,2405306,2009
5,2405405,2009
3,2405504,2009
13,2405603,2009
10,2405702,2009
19,2405801,2009
2,2405900,2009
5,2406007,2009
21,2406106,2009
4,2406155,2009
3,2406205,2009
3,2406304,2009
1,2406403,2009
6,2406502,2009
5,2406601,2009
4,2406700,2009
4,2406809,2009
6,2406908,2009
7,2407005,2009
26,2407104,2009
10,2407203,2009
2,2407252,2009
4,2407302,2009
6,2407401,2009
4,2407500,2009
4,2407609,2009
8,2407708,2009
9,2407807,2009
3,2407906,2009
47,2408003,2009
88,2408102,2009
22,2408201,2009
22,2408300,2009
3,2408409,2009
4,2408508,2009
3,2408607,2009
3,2408706,2009
2,2408805,2009
15,2408904,2009
37,2403251,2009
8,2409100,2009
3,2409209,2009
5,2409308,2009
15,2409407,2009
2,2409506,2009
2,2409605,2009
4,2409704,2009
7,2409803,2009
6,2409902,2009
5,2410009,2009
8,2410108,2009
8,2410207,2009
3,2410256,2009
8,2410306,2009
4,2410405,2009
4,2410504,2009
3,2410603,2009
2,2410702,2009
4,2410801,2009
5,2410900,2009
6,2408953,2009
2,2411007,2009
2,2411106,2009
14,2411205,2009
2,2409332,2009
10,2411403,2009
6,2411429,2009
13,2411502,2009
6,2411601,2009
1,2411700,2009
2,2411809,2009
2,2411908,2009
27,2412005,2009
5,2412104,2009
18,2412203,2009
6,2412302,2009
2,2412401,2009
21,2412500,2009
4,2412559,2009
13,2412609,2009
5,2412708,2009
2,2412807,2009
8,2412906,2009
8,2413003,2009
5,2413102,2009
4,2413201,2009
1,2413300,2009
22,2413359,2009
10,2413409,2009
4,2413508,2009
3,2413557,2009
6,2413607,2009
2,2413706,2009
3,2413805,2009
15,2413904,2009
7,2414001,2009
5,2414100,2009
7,2414159,2009
2,2411056,2009
6,2414209,2009
1,2414308,2009
13,2414407,2009
3,2414456,2009
8,2414506,2009
3,2414605,2009
2,2414704,2009
1,2414753,2009
5,2414803,2009
2,2414902,2009
2,2415008,2009
5,2500106,2009
3,2500205,2009
16,2500304,2009
13,2500403,2009
8,2500502,2009
4,2500536,2009
1,2500577,2009
11,2500601,2009
1,2500734,2009
4,2500775,2009
12,2500809,2009
5,2500908,2009
11,2501005,2009
10,2501104,2009
2,2501153,2009
5,2501203,2009
9,2501302,2009
4,2501351,2009
11,2501401,2009
15,2501500,2009
1,2501534,2009
5,2501609,2009
10,2501575,2009
5,2501708,2009
29,2501807,2009
16,2501906,2009
3,2502003,2009
2,2502052,2009
5,2502102,2009
6,2502151,2009
2,2502201,2009
4,2502300,2009
6,2502409,2009
10,2502508,2009
4,2502706,2009
8,2502805,2009
4,2502904,2009
11,2503001,2009
3,2503100,2009
27,2503209,2009
7,2503308,2009
3,2503407,2009
9,2503506,2009
2,2503555,2009
4,2503605,2009
31,2503704,2009
4,2503753,2009
2,2503803,2009
3,2503902,2009
77,2504009,2009
2,2504033,2009
2,2504074,2009
1,2504108,2009
3,2504157,2009
2,2504207,2009
16,2504306,2009
3,2504355,2009
12,2504405,2009
3,2504504,2009
13,2504603,2009
2,2504702,2009
6,2504801,2009
2,2504850,2009
5,2504900,2009
4,2505006,2009
15,2505105,2009
8,2505238,2009
5,2505204,2009
9,2505279,2009
1,2505303,2009
3,2505352,2009
3,2505402,2009
4,2505600,2009
6,2505709,2009
3,2505808,2009
1,2505907,2009
17,2506004,2009
7,2506103,2009
11,2506202,2009
5,2506251,2009
40,2506301,2009
8,2506400,2009
2,2506509,2009
3,2506608,2009
3,2502607,2009
6,2506707,2009
9,2506806,2009
18,2506905,2009
13,2507002,2009
7,2507101,2009
8,2507200,2009
7,2507309,2009
4,2507408,2009
152,2507507,2009
4,2513653,2009
3,2507606,2009
12,2507705,2009
7,2507804,2009
6,2507903,2009
6,2508000,2009
2,2508109,2009
6,2508208,2009
12,2508307,2009
4,2508406,2009
3,2508505,2009
3,2508554,2009
9,2508604,2009
5,2508703,2009
2,2508802,2009
19,2508901,2009
5,2509008,2009
13,2509057,2009
13,2509107,2009
3,2509156,2009
7,2509206,2009
5,2509305,2009
8,2509339,2009
2,2509370,2009
2,2509396,2009
10,2509404,2009
3,2509503,2009
3,2509602,2009
28,2509701,2009
8,2509800,2009
5,2509909,2009
4,2510006,2009
6,2510105,2009
4,2510204,2009
2,2510303,2009
4,2510402,2009
3,2510501,2009
1,2510600,2009
2,2510659,2009
3,2510709,2009
48,2510808,2009
10,2510907,2009
2,2511004,2009
4,2511103,2009
16,2511202,2009
2,2512721,2009
17,2511301,2009
17,2511400,2009
9,2511509,2009
4,2511608,2009
4,2511707,2009
6,2511806,2009
6,2511905,2009
8,2512002,2009
3,2512036,2009
5,2512077,2009
17,2512101,2009
3,2512200,2009
18,2512309,2009
13,2512408,2009
24,2512507,2009
2,2512606,2009
8,2512705,2009
4,2512747,2009
3,2512754,2009
3,2512762,2009
3,2512788,2009
3,2512804,2009
12,2512903,2009
4,2513000,2009
8,2513109,2009
3,2513158,2009
4,2513208,2009
3,2513307,2009
3,2513356,2009
11,2513406,2009
45,2513703,2009
3,2513802,2009
2,2513505,2009
4,2513604,2009
2,2513851,2009
2,2513927,2009
19,2513901,2009
1,2513968,2009
1,2513943,2009
2,2513984,2009
5,2514008,2009
7,2500700,2009
3,2514107,2009
2,2514206,2009
4,2514305,2009
5,2514404,2009
7,2514503,2009
2,2514552,2009
2,2514602,2009
1,2514651,2009
4,2514701,2009
1,2514800,2009
4,2514453,2009
4,2514909,2009
3,2515005,2009
9,2515104,2009
1,2515203,2009
5,2515401,2009
29,2515302,2009
12,2515500,2009
4,2515609,2009
1,2515708,2009
5,2515807,2009
4,2515906,2009
4,2515930,2009
3,2515971,2009
13,2516003,2009
10,2516102,2009
1,2516151,2009
41,2516201,2009
15,2516300,2009
7,2516409,2009
10,2516508,2009
8,2516607,2009
8,2516706,2009
3,2516755,2009
4,2516805,2009
11,2516904,2009
6,2517001,2009
1,2517100,2009
5,2517209,2009
5,2505501,2009
1,2517407,2009
30,2600054,2009
19,2600104,2009
9,2600203,2009
16,2600302,2009
12,2600401,2009
10,2600500,2009
11,2600609,2009
18,2600708,2009
10,2600807,2009
9,2600906,2009
7,2601003,2009
9,2601052,2009
19,2601102,2009
34,2601201,2009
9,2601300,2009
12,2601409,2009
8,2601508,2009
9,2601607,2009
21,2601706,2009
11,2601805,2009
21,2601904,2009
13,2602001,2009
15,2602100,2009
25,2602209,2009
19,2602308,2009
8,2602407,2009
6,2602506,2009
19,2602605,2009
7,2602704,2009
13,2602803,2009
40,2602902,2009
21,2603009,2009
12,2603108,2009
11,2603207,2009
10,2603306,2009
6,2603405,2009
46,2603454,2009
8,2603504,2009
10,2603603,2009
14,2603702,2009
12,2603801,2009
9,2603900,2009
9,2603926,2009
21,2604007,2009
86,2604106,2009
10,2604155,2009
14,2604205,2009
8,2604304,2009
8,2604403,2009
10,2604502,2009
13,2604601,2009
8,2604700,2009
8,2604809,2009
7,2604908,2009
14,2605004,2009
13,2605103,2009
7,2605152,2009
14,2605202,2009
14,2605301,2009
11,2605400,2009
3,2605459,2009
9,2605509,2009
8,2605608,2009
7,2605707,2009
12,2605806,2009
11,2605905,2009
42,2606002,2009
12,2606101,2009
29,2606200,2009
8,2606309,2009
23,2606408,2009
8,2606507,2009
14,2606606,2009
6,2606705,2009
35,2606804,2009
6,2606903,2009
5,2607604,2009
6,2607000,2009
4,2607109,2009
21,2607208,2009
13,2607307,2009
3,2607406,2009
6,2607505,2009
20,2607653,2009
6,2607703,2009
10,2607752,2009
6,2607802,2009
60,2607901,2009
6,2607950,2009
13,2608008,2009
10,2608057,2009
17,2608107,2009
9,2608206,2009
6,2608255,2009
6,2608305,2009
9,2608404,2009
12,2608503,2009
15,2608453,2009
7,2608602,2009
8,2608701,2009
8,2608750,2009
12,2608800,2009
31,2608909,2009
11,2609006,2009
7,2609105,2009
4,2609154,2009
4,2609204,2009
7,2609303,2009
4,2614303,2009
12,2609402,2009
14,2609501,2009
60,2609600,2009
20,2609709,2009
7,2609808,2009
24,2609907,2009
22,2610004,2009
8,2610103,2009
8,2610202,2009
6,2610301,2009
11,2610400,2009
18,2610509,2009
20,2610608,2009
40,2610707,2009
16,2610806,2009
34,2610905,2009
11,2611002,2009
65,2611101,2009
8,2611200,2009
14,2611309,2009
7,2611408,2009
13,2611507,2009
4,2611533,2009
195,2611606,2009
14,2611705,2009
16,2611804,2009
10,2611903,2009
11,2612000,2009
4,2612109,2009
27,2612208,2009
9,2612307,2009
16,2612406,2009
9,2612455,2009
5,2612471,2009
19,2612505,2009
3,2612554,2009
16,2612604,2009
7,2612703,2009
7,2612802,2009
6,2612901,2009
13,2613008,2009
13,2613107,2009
13,2613206,2009
16,2613305,2009
8,2613404,2009
9,2613503,2009
19,2613602,2009
19,2613701,2009
13,2613800,2009
31,2613909,2009
12,2614006,2009
18,2614105,2009
10,2614204,2009
6,2614402,2009
31,2614501,2009
11,2614600,2009
4,2614709,2009
8,2614808,2009
8,2614857,2009
8,2615003,2009
5,2615102,2009
6,2615201,2009
24,2615300,2009
8,2615409,2009
7,2615508,2009
10,2615607,2009
8,2615706,2009
9,2615805,2009
5,2615904,2009
10,2616001,2009
7,2616100,2009
7,2616183,2009
8,2616209,2009
17,2616308,2009
38,2616407,2009
7,2616506,2009
12,2700102,2009
12,2700201,2009
41,2700300,2009
19,2700409,2009
7,2700508,2009
6,2700607,2009
17,2700706,2009
4,2700805,2009
8,2700904,2009
16,2701001,2009
5,2701100,2009
11,2701209,2009
14,2701308,2009
2,2701357,2009
10,2701407,2009
10,2701506,2009
11,2701605,2009
13,2701704,2009
4,2701803,2009
5,2701902,2009
11,2702009,2009
7,2702108,2009
4,2702207,2009
23,2702306,2009
13,2702355,2009
28,2702405,2009
6,2702504,2009
13,2702553,2009
13,2702603,2009
4,2702702,2009
8,2702801,2009
12,2702900,2009
6,2703007,2009
13,2703106,2009
17,2703205,2009
6,2703304,2009
11,2703403,2009
3,2703502,2009
5,2703601,2009
8,2703700,2009
7,2703759,2009
12,2703809,2009
3,2703908,2009
13,2704005,2009
12,2704104,2009
22,2704203,2009
78,2704302,2009
16,2704401,2009
2,2704906,2009
12,2704500,2009
12,2704609,2009
15,2704708,2009
7,2704807,2009
6,2705002,2009
12,2705101,2009
8,2705200,2009
6,2705309,2009
4,2705408,2009
12,2705507,2009
6,2705606,2009
13,2705705,2009
7,2705804,2009
6,2705903,2009
6,2706000,2009
6,2706109,2009
3,2706208,2009
41,2706307,2009
15,2706406,2009
9,2706422,2009
3,2706448,2009
9,2706505,2009
6,2706604,2009
31,2706703,2009
11,2706802,2009
15,2706901,2009
2,2707008,2009
9,2707107,2009
10,2707206,2009
10,2707305,2009
5,2707404,2009
12,2707503,2009
13,2707602,2009
22,2707701,2009
4,2707800,2009
4,2707909,2009
25,2708006,2009
5,2708105,2009
6,2708204,2009
12,2708303,2009
13,2708402,2009
11,2708501,2009
19,2708600,2009
4,2708709,2009
26,2708808,2009
11,2708907,2009
5,2708956,2009
5,2709004,2009
15,2709103,2009
23,2709152,2009
15,2709202,2009
21,2709301,2009
12,2709400,2009
1,2800100,2009
12,2800209,2009
67,2800308,2009
15,2800407,2009
8,2800506,2009
7,2800605,2009
10,2800670,2009
3,2800704,2009
13,2801009,2009
6,2801108,2009
13,2801207,2009
24,2801306,2009
12,2801405,2009
6,2801504,2009
3,2801603,2009
8,2801702,2009
5,2801900,2009
4,2802007,2009
22,2802106,2009
4,2802205,2009
6,2802304,2009
9,2802403,2009
2,2802502,2009
5,2802601,2009
5,2802700,2009
15,2802809,2009
30,2802908,2009
14,2803005,2009
5,2803104,2009
23,2803203,2009
15,2803302,2009
7,2803401,2009
44,2803500,2009
15,2803609,2009
5,2803708,2009
3,2803807,2009
5,2803906,2009
10,2804003,2009
7,2804102,2009
2,2804201,2009
8,2804300,2009
11,2804409,2009
5,2804458,2009
13,2804508,2009
12,2804607,2009
8,2804706,2009
36,2804805,2009
5,2804904,2009
4,2805000,2009
2,2805109,2009
3,2805208,2009
8,2805307,2009
12,2805406,2009
10,2805505,2009
14,2805604,2009
11,2805703,2009
12,2805802,2009
4,2805901,2009
8,2806008,2009
7,2806107,2009
14,2806206,2009
10,2806305,2009
4,2806503,2009
4,2806404,2009
6,2806602,2009
16,2806701,2009
6,2806800,2009
3,2806909,2009
6,2807006,2009
18,2807105,2009
8,2807204,2009
4,2807303,2009
12,2807402,2009
7,2807501,2009
9,2807600,2009
5,2900108,2009
9,2900207,2009
7,2900306,2009
8,2900355,2009
9,2900405,2009
4,2900603,2009
27,2900702,2009
13,2900801,2009
2,2900900,2009
13,2901007,2009
5,2901106,2009
9,2901155,2009
11,2901205,2009
6,2901304,2009
7,2901353,2009
3,2901403,2009
9,2901502,2009
7,2901601,2009
7,2901700,2009
4,2901809,2009
7,2901908,2009
4,2901957,2009
1,2902054,2009
8,2902005,2009
18,2902104,2009
4,2902203,2009
8,2902252,2009
7,2902302,2009
7,2902401,2009
6,2902500,2009
12,2902609,2009
7,2902658,2009
11,2902708,2009
10,2902807,2009
18,2902906,2009
6,2903003,2009
4,2903102,2009
33,2903201,2009
5,2903235,2009
5,2903300,2009
13,2903276,2009
13,2903409,2009
10,2903508,2009
22,2903607,2009
10,2903706,2009
20,2903805,2009
18,2903904,2009
6,2903953,2009
12,2904001,2009
8,2904050,2009
11,2904100,2009
10,2904209,2009
2,2904308,2009
3,2904407,2009
7,2904506,2009
20,2904605,2009
9,2904704,2009
5,2904753,2009
7,2904803,2009
12,2904852,2009
22,2904902,2009
7,2905008,2009
5,2905107,2009
3,2905156,2009
11,2905206,2009
4,2905305,2009
10,2905404,2009
6,2905503,2009
11,2905602,2009
48,2905701,2009
14,2905800,2009
10,2905909,2009
10,2906006,2009
6,2906105,2009
12,2906204,2009
12,2906303,2009
6,2906402,2009
29,2906501,2009
6,2906600,2009
11,2906709,2009
6,2906808,2009
6,2906824,2009
8,2906857,2009
9,2906873,2009
6,2906899,2009
14,2906907,2009
2,2907004,2009
17,2907103,2009
16,2907202,2009
11,2907301,2009
2,2907400,2009
16,2907509,2009
6,2907558,2009
13,2907608,2009
6,2907707,2009
10,2907806,2009
8,2907905,2009
7,2908002,2009
6,2908101,2009
9,2908200,2009
13,2908309,2009
17,2908408,2009
10,2908507,2009
11,2908606,2009
10,2908705,2009
6,2908804,2009
10,2908903,2009
6,2909000,2009
7,2909109,2009
15,2909208,2009
12,2909307,2009
5,2909406,2009
7,2909505,2009
6,2909604,2009
7,2909703,2009
21,2909802,2009
10,2909901,2009
5,2910008,2009
10,2910057,2009
6,2910107,2009
3,2910206,2009
8,2910305,2009
12,2910404,2009
13,2910503,2009
12,2900504,2009
15,2910602,2009
10,2910701,2009
22,2910727,2009
11,2910750,2009
3,2910776,2009
111,2910800,2009
13,2910859,2009
4,2910909,2009
5,2911006,2009
8,2911105,2009
8,2911204,2009
1,2911253,2009
3,2911303,2009
13,2911402,2009
5,2911501,2009
8,2911600,2009
7,2911659,2009
22,2911709,2009
10,2911808,2009
6,2911857,2009
14,2911907,2009
7,2912004,2009
13,2912103,2009
7,2912202,2009
11,2912301,2009
11,2912400,2009
6,2912509,2009
2,2912608,2009
8,2912707,2009
7,2912806,2009
5,2912905,2009
8,2913002,2009
8,2913101,2009
15,2913200,2009
4,2913309,2009
11,2913408,2009
9,2913457,2009
13,2913507,2009
66,2913606,2009
15,2913705,2009
5,2913804,2009
12,2913903,2009
18,2914000,2009
6,2914109,2009
4,2914208,2009
13,2914307,2009
11,2914406,2009
13,2914505,2009
9,2914604,2009
11,2914653,2009
35,2914703,2009
47,2914802,2009
6,2914901,2009
10,2915007,2009
10,2915106,2009
4,2915205,2009
4,2915304,2009
7,2915353,2009
4,2915403,2009
10,2915502,2009
26,2915601,2009
6,2915700,2009
8,2915809,2009
2,2915908,2009
13,2916005,2009
9,2916104,2009
7,2916203,2009
8,2916302,2009
13,2916401,2009
8,2916500,2009
5,2916609,2009
3,2916708,2009
13,2916807,2009
8,2916856,2009
8,2916906,2009
10,2917003,2009
6,2917102,2009
12,2917201,2009
15,2917300,2009
3,2917334,2009
8,2917359,2009
6,2917409,2009
26,2917508,2009
15,2917607,2009
12,2917706,2009
11,2917805,2009
6,2917904,2009
52,2918001,2009
22,2918100,2009
5,2918209,2009
9,2918308,2009
12,2918357,2009
51,2918407,2009
7,2918456,2009
5,2918506,2009
6,2918555,2009
5,2918605,2009
7,2918704,2009
9,2918753,2009
7,2918803,2009
4,2918902,2009
6,2919009,2009
6,2919058,2009
5,2919108,2009
8,2919157,2009
10,2919207,2009
5,2919306,2009
6,2919405,2009
26,2919504,2009
9,2919553,2009
6,2919603,2009
10,2919702,2009
22,2919801,2009
8,2919900,2009
14,2919926,2009
4,2919959,2009
3,2920007,2009
20,2920106,2009
8,2920205,2009
3,2920304,2009
6,2920403,2009
2,2920452,2009
18,2920502,2009
11,2920601,2009
11,2920700,2009
11,2920809,2009
8,2920908,2009
9,2921005,2009
8,2921054,2009
17,2921104,2009
11,2921203,2009
7,2921302,2009
11,2921401,2009
5,2921450,2009
17,2921500,2009
2,2921609,2009
22,2921708,2009
6,2921807,2009
8,2921906,2009
18,2922003,2009
3,2922052,2009
12,2922102,2009
3,2922201,2009
5,2922250,2009
13,2922300,2009
12,2922409,2009
12,2922508,2009
6,2922607,2009
7,2922656,2009
7,2922706,2009
6,2922730,2009
5,2922755,2009
6,2922805,2009
6,2922854,2009
7,2922904,2009
14,2923001,2009
8,2923035,2009
7,2923050,2009
8,2923100,2009
9,2923209,2009
4,2923308,2009
8,2923357,2009
7,2923407,2009
6,2923506,2009
17,2923605,2009
7,2923704,2009
8,2923803,2009
7,2923902,2009
40,2924009,2009
5,2924058,2009
3,2924108,2009
7,2924207,2009
10,2924306,2009
1,2924405,2009
9,2924504,2009
9,2924603,2009
9,2924652,2009
3,2924678,2009
8,2924702,2009
15,2924801,2009
8,2924900,2009
11,2925006,2009
18,2925105,2009
17,2925204,2009
8,2925253,2009
37,2925303,2009
6,2925402,2009
14,2925501,2009
11,2925600,2009
8,2925709,2009
9,2925758,2009
10,2925808,2009
10,2925907,2009
8,2925931,2009
19,2925956,2009
16,2926004,2009
10,2926103,2009
5,2926202,2009
12,2926301,2009
13,2926400,2009
8,2926509,2009
13,2926608,2009
5,2926657,2009
15,2926707,2009
5,2926806,2009
11,2926905,2009
29,2927002,2009
9,2927101,2009
15,2927200,2009
5,2927309,2009
156,2927408,2009
14,2927507,2009
9,2927606,2009
11,2927705,2009
2,2927804,2009
9,2927903,2009
8,2928059,2009
15,2928109,2009
11,2928406,2009
5,2928505,2009
20,2928000,2009
6,2928208,2009
6,2928307,2009
18,2928604,2009
39,2928703,2009
15,2928802,2009
10,2928901,2009
6,2928950,2009
6,2929107,2009
9,2929008,2009
9,2929057,2009
21,2929206,2009
14,2929255,2009
20,2929305,2009
4,2929354,2009
4,2929370,2009
3,2929404,2009
24,2929503,2009
9,2929602,2009
7,2929701,2009
5,2929750,2009
10,2929800,2009
12,2929909,2009
7,2930006,2009
31,2930105,2009
2,2930204,2009
16,2930154,2009
8,2930303,2009
12,2930402,2009
30,2930501,2009
5,2930600,2009
16,2930709,2009
3,2930758,2009
5,2930766,2009
8,2930774,2009
9,2930808,2009
7,2930907,2009
10,2931004,2009
8,2931053,2009
3,2931103,2009
6,2931202,2009
8,2931301,2009
38,2931350,2009
7,2931400,2009
7,2931509,2009
6,2931608,2009
6,2931707,2009
5,2931806,2009
20,2931905,2009
18,2932002,2009
7,2932101,2009
6,2932200,2009
3,2932309,2009
9,2932408,2009
9,2932457,2009
12,2932507,2009
8,2932606,2009
8,2932705,2009
10,2932804,2009
42,2932903,2009
14,2933000,2009
12,2933059,2009
6,2933109,2009
6,2933158,2009
5,2933174,2009
17,2933208,2009
6,2933257,2009
201,2933307,2009
7,2933406,2009
3,2933455,2009
10,2933505,2009
11,2933604,2009
4,3100104,2009
7,3100203,2009
8,3100302,2009
3,3100401,2009
11,3100500,2009
7,3100609,2009
2,3100708,2009
2,3100807,2009
9,3100906,2009
5,3101003,2009
14,3101102,2009
3,3101201,2009
3,3101300,2009
1,3101409,2009
20,3101508,2009
17,3101607,2009
1,3101631,2009
16,3101706,2009
7,3101805,2009
10,3101904,2009
5,3102001,2009
2,3102050,2009
8,3153509,2009
6,3102100,2009
3,3102209,2009
9,3102308,2009
5,3102407,2009
4,3102506,2009
15,3102605,2009
4,3102803,2009
3,3102852,2009
5,3102902,2009
13,3103009,2009
4,3103108,2009
1,3103207,2009
1,3103306,2009
18,3103405,2009
25,3103504,2009
2,3103603,2009
3,3103702,2009
5,3103751,2009
4,3103801,2009
9,3103900,2009
16,3104007,2009
6,3104106,2009
12,3104205,2009
5,3104304,2009
2,3104403,2009
4,3104452,2009
7,3104502,2009
3,3104601,2009
6,3104700,2009
2,3104809,2009
2,3104908,2009
5,3105004,2009
14,3105103,2009
2,3105202,2009
1,3105301,2009
17,3105400,2009
5,3105509,2009
34,3105608,2009
4,3105707,2009
10,3105905,2009
3,3106002,2009
8,3106101,2009
228,3106200,2009
13,3106309,2009
4,3106408,2009
8,3106507,2009
2,3106655,2009
4,3106606,2009
54,3106705,2009
6,3106804,2009
7,3106903,2009
2,3107000,2009
11,3107109,2009
3,3107208,2009
25,3107307,2009
16,3107406,2009
3,3107505,2009
1,3107604,2009
2,3107703,2009
12,3107802,2009
5,3107901,2009
6,3108008,2009
3,3108107,2009
2,3108206,2009
1,3108255,2009
8,3108305,2009
6,3108404,2009
6,3108503,2009
4,3108701,2009
4,3108552,2009
17,3108602,2009
14,3108909,2009
4,3108800,2009
26,3109006,2009
3,3109105,2009
6,3109204,2009
6,3109253,2009
8,3109303,2009
16,3109402,2009
2,3109451,2009
5,3109501,2009
2,3109600,2009
10,3109709,2009
7,3102704,2009
6,3109808,2009
4,3109907,2009
18,3110004,2009
6,3110103,2009
3,3110202,2009
6,3110301,2009
2,3110400,2009
5,3110509,2009
13,3110608,2009
6,3110707,2009
3,3110806,2009
8,3110905,2009
4,3111002,2009
6,3111101,2009
3,3111150,2009
20,3111200,2009
7,3111309,2009
0,3111408,2009
5,3111507,2009
11,3111606,2009
3,3111903,2009
2,3111705,2009
5,3111804,2009
6,3112000,2009
4,3112059,2009
3,3112109,2009
2,3112208,2009
15,3112307,2009
5,3112406,2009
7,3112505,2009
9,3112604,2009
6,3112653,2009
9,3112703,2009
6,3112802,2009
7,3112901,2009
7,3113008,2009
1,3113107,2009
17,3113206,2009
14,3113305,2009
35,3113404,2009
6,3113503,2009
2,3113602,2009
14,3113701,2009
3,3113800,2009
6,3113909,2009
8,3114006,2009
12,3114105,2009
7,3114204,2009
11,3114303,2009
8,3114402,2009
6,3114501,2009
8,3114550,2009
2,3114600,2009
2,3114709,2009
1,3114808,2009
1,3114907,2009
2,3115003,2009
8,3115102,2009
28,3115300,2009
2,3115359,2009
1,3115409,2009
5,3115458,2009
3,3115474,2009
5,3115508,2009
2,3115607,2009
5,3115706,2009
7,3115805,2009
2,3115904,2009
6,3116001,2009
9,3116100,2009
4,3116159,2009
3,3116209,2009
2,3116308,2009
2,3116407,2009
7,3116506,2009
20,3116605,2009
4,3116704,2009
2,3116803,2009
2,3116902,2009
3,3117009,2009
5,3117108,2009
1,3115201,2009
14,3117306,2009
4,3117207,2009
4,3117405,2009
6,3117504,2009
6,3117603,2009
4,3117702,2009
3,3117801,2009
3,3117836,2009
5,3117876,2009
4,3117900,2009
28,3118007,2009
4,3118106,2009
5,3118205,2009
34,3118304,2009
8,3118403,2009
2,3118502,2009
139,3118601,2009
7,3118700,2009
15,3118809,2009
5,3118908,2009
3,3119005,2009
11,3119104,2009
6,3119203,2009
20,3119302,2009
21,3119401,2009
5,3119500,2009
3,3119609,2009
3,3119708,2009
3,3119807,2009
2,3119906,2009
3,3119955,2009
3,3120003,2009
2,3120102,2009
4,3120151,2009
7,3120201,2009
4,3120300,2009
2,3120409,2009
13,3120508,2009
2,3120607,2009
3,3120706,2009
5,3120805,2009
3,3120839,2009
3,3120870,2009
32,3120904,2009
7,3121001,2009
13,3121100,2009
7,3121209,2009
1,3121258,2009
2,3121308,2009
5,3121407,2009
1,3121506,2009
27,3121605,2009
3,3121704,2009
4,3121803,2009
3,3121902,2009
7,3122009,2009
7,3122108,2009
4,3122207,2009
40,3122306,2009
1,3122355,2009
5,3122405,2009
3,3122454,2009
2,3122470,2009
6,3122504,2009
3,3122603,2009
3,3122702,2009
3,3122801,2009
2,3122900,2009
3,3123007,2009
4,3123106,2009
5,3123205,2009
6,3123304,2009
2,3123403,2009
1,3123502,2009
7,3123528,2009
8,3123601,2009
8,3123700,2009
7,3123809,2009
4,3123858,2009
10,3123908,2009
8,3124005,2009
24,3124104,2009
22,3124203,2009
14,3124302,2009
3,3124401,2009
3,3124500,2009
4,3124609,2009
4,3124708,2009
5,3124807,2009
5,3124906,2009
2,3125002,2009
17,3125101,2009
2,3125200,2009
2,3125309,2009
1,3125408,2009
6,3125606,2009
6,3125705,2009
6,3125804,2009
7,3125903,2009
8,3125952,2009
5,3126000,2009
32,3126109,2009
3,3126208,2009
3,3126307,2009
1,3126406,2009
6,3126505,2009
6,3126604,2009
10,3126703,2009
4,3126752,2009
4,3126802,2009
11,3126901,2009
2,3126950,2009
9,3127008,2009
5,3127057,2009
2,3127073,2009
15,3127107,2009
7,3127206,2009
7,3127305,2009
6,3127339,2009
7,3127354,2009
2,3127370,2009
1,3127388,2009
2,3127404,2009
10,3127503,2009
13,3127602,2009
89,3127701,2009
7,3127800,2009
1,3127909,2009
13,3128006,2009
12,3128105,2009
7,3128204,2009
3,3128253,2009
8,3128303,2009
8,3128402,2009
4,3128501,2009
3,3128600,2009
13,3128709,2009
4,3128808,2009
4,3128907,2009
5,3129004,2009
8,3129103,2009
5,3129202,2009
4,3129301,2009
1,3129400,2009
11,3129509,2009
6,3129608,2009
6,3129657,2009
7,3129707,2009
28,3129806,2009
2,3129905,2009
1,3130002,2009
6,3130051,2009
11,3130101,2009
3,3130200,2009
3,3130309,2009
3,3130408,2009
5,3130507,2009
4,3130556,2009
2,3130606,2009
5,3130655,2009
8,3130705,2009
4,3130804,2009
19,3130903,2009
4,3131000,2009
3,3131109,2009
5,3131158,2009
7,3131208,2009
31,3131307,2009
2,3131406,2009
5,3131505,2009
4,3131604,2009
33,3131703,2009
5,3131802,2009
20,3131901,2009
5,3132008,2009
10,3132107,2009
18,3132206,2009
4,3132305,2009
28,3132404,2009
21,3132503,2009
3,3132602,2009
12,3132701,2009
1,3132800,2009
6,3132909,2009
6,3133006,2009
10,3133105,2009
9,3133204,2009
15,3133303,2009
5,3133402,2009
9,3133501,2009
3,3133600,2009
6,3133709,2009
10,3133758,2009
26,3133808,2009
2,3133907,2009
7,3134004,2009
5,3134103,2009
37,3134202,2009
4,3134301,2009
10,3134400,2009
3,3134509,2009
15,3134608,2009
9,3134707,2009
3,3134806,2009
12,3134905,2009
5,3135001,2009
12,3135050,2009
5,3135076,2009
16,3135100,2009
24,3135209,2009
2,3135308,2009
5,3135357,2009
6,3135407,2009
3,3135456,2009
6,3135506,2009
6,3135605,2009
3,3135704,2009
12,3135803,2009
3,3135902,2009
9,3136009,2009
4,3136108,2009
17,3136207,2009
21,3136306,2009
1,3136405,2009
7,3136504,2009
4,3136520,2009
6,3136553,2009
5,3136579,2009
13,3136652,2009
102,3136702,2009
7,3136801,2009
4,3136900,2009
4,3136959,2009
6,3137007,2009
8,3137106,2009
20,3137205,2009
4,3137304,2009
5,3137403,2009
8,3137502,2009
3,3137536,2009
18,3137601,2009
11,3137700,2009
5,3137809,2009
3,3137908,2009
5,3138005,2009
5,3138104,2009
26,3138203,2009
3,3138302,2009
6,3138351,2009
19,3138401,2009
2,3138500,2009
17,3138609,2009
4,3138625,2009
4,3138658,2009
3,3138674,2009
3,3138682,2009
2,3138708,2009
9,3138807,2009
5,3138906,2009
14,3139003,2009
3,3139102,2009
9,3139201,2009
3,3139250,2009
6,3139300,2009
25,3139409,2009
9,3139508,2009
10,3139607,2009
5,3139805,2009
7,3139706,2009
9,3139904,2009
29,3140001,2009
5,3140100,2009
2,3140159,2009
1,3140209,2009
3,3140308,2009
3,3140407,2009
11,3140506,2009
3,3140530,2009
2,3140555,2009
2,3140605,2009
13,3140704,2009
4,3171501,2009
6,3140803,2009
4,3140852,2009
9,3140902,2009
8,3141009,2009
11,3141108,2009
6,3141207,2009
3,3141306,2009
6,3141405,2009
6,3141504,2009
8,3141603,2009
5,3141702,2009
11,3141801,2009
2,3141900,2009
14,3142007,2009
6,3142106,2009
11,3142205,2009
3,3142254,2009
3,3142304,2009
3,3142403,2009
2,3142502,2009
3,3142601,2009
7,3142700,2009
7,3142809,2009
15,3142908,2009
5,3143005,2009
15,3143104,2009
5,3143153,2009
13,3143203,2009
9,3143401,2009
83,3143302,2009
9,3143450,2009
8,3143500,2009
3,3143609,2009
3,3143708,2009
2,3143807,2009
53,3143906,2009
13,3144003,2009
5,3144102,2009
6,3144201,2009
14,3144300,2009
6,3144359,2009
1,3144375,2009
6,3144409,2009
4,3144508,2009
11,3144607,2009
6,3144656,2009
8,3144672,2009
7,3144706,2009
30,3144805,2009
3,3144904,2009
5,3145000,2009
6,3145059,2009
4,3145109,2009
25,3145208,2009
3,3136603,2009
10,3145307,2009
4,3145356,2009
4,3145372,2009
2,3145406,2009
11,3145455,2009
1,3145505,2009
17,3145604,2009
2,3145703,2009
3,3145802,2009
2,3145851,2009
3,3145877,2009
18,3145901,2009
17,3146008,2009
37,3146107,2009
2,3146206,2009
3,3146255,2009
22,3146305,2009
4,3146552,2009
3,3146404,2009
5,3146503,2009
1,3146602,2009
5,3146701,2009
3,3146750,2009
5,3146909,2009
25,3147105,2009
28,3147006,2009
10,3147204,2009
8,3147303,2009
5,3147402,2009
11,3147600,2009
4,3147709,2009
1,3147808,2009
1,3147501,2009
35,3147907,2009
2,3147956,2009
35,3148004,2009
17,3148103,2009
5,3148202,2009
2,3148301,2009
4,3148400,2009
4,3148509,2009
7,3148608,2009
12,3148707,2009
12,3148756,2009
2,3148806,2009
6,3148905,2009
1,3149002,2009
6,3149101,2009
6,3149150,2009
2,3149200,2009
26,3149309,2009
1,3149408,2009
2,3149507,2009
1,3149606,2009
8,3149705,2009
11,3149804,2009
8,3149903,2009
8,3149952,2009
5,3150000,2009
3,3150109,2009
5,3150158,2009
3,3150208,2009
6,3150307,2009
3,3150406,2009
4,3150505,2009
2,3150539,2009
3,3150570,2009
2,3150604,2009
3,3150703,2009
13,3150802,2009
6,3150901,2009
7,3151008,2009
9,3151107,2009
26,3151206,2009
10,3151305,2009
9,3151404,2009
17,3151503,2009
6,3151602,2009
6,3151701,2009
51,3151800,2009
7,3151909,2009
11,3152006,2009
28,3152105,2009
3,3152131,2009
8,3152170,2009
17,3152204,2009
5,3152303,2009
7,3152402,2009
37,3152501,2009
4,3152600,2009
3,3152709,2009
11,3152808,2009
6,3152907,2009
1,3153004,2009
2,3153103,2009
3,3153202,2009
2,3153301,2009
12,3153400,2009
5,3153608,2009
2,3153707,2009
1,3153806,2009
5,3153905,2009
13,3154002,2009
7,3154101,2009
4,3154150,2009
8,3154200,2009
10,3154309,2009
3,3154408,2009
4,3154457,2009
5,3154507,2009
74,3154606,2009
3,3154705,2009
3,3154804,2009
7,3154903,2009
5,3155108,2009
2,3155009,2009
2,3155207,2009
3,3155306,2009
5,3155405,2009
13,3155504,2009
16,3155603,2009
5,3155702,2009
7,3155801,2009
4,3155900,2009
5,3156007,2009
2,3156106,2009
1,3156205,2009
2,3156304,2009
1,3156403,2009
3,3156452,2009
4,3156502,2009
6,3156601,2009
20,3156700,2009
7,3156809,2009
14,3156908,2009
15,3157005,2009
4,3157104,2009
8,3157203,2009
6,3157252,2009
6,3157278,2009
2,3157302,2009
2,3157336,2009
2,3157377,2009
7,3157401,2009
5,3157500,2009
3,3157609,2009
4,3157658,2009
4,3157708,2009
39,3157807,2009
10,3157906,2009
5,3158003,2009
3,3158102,2009
7,3158201,2009
6,3159209,2009
4,3159407,2009
5,3159308,2009
3,3159357,2009
7,3159506,2009
12,3159605,2009
3,3159704,2009
15,3159803,2009
3,3158300,2009
2,3158409,2009
6,3158508,2009
5,3158607,2009
1,3158706,2009
3,3158805,2009
4,3158904,2009
11,3158953,2009
3,3159001,2009
2,3159100,2009
10,3159902,2009
3,3160009,2009
3,3160108,2009
2,3160207,2009
7,3160306,2009
19,3160405,2009
2,3160454,2009
2,3160504,2009
1,3160603,2009
19,3160702,2009
3,3160801,2009
1,3160900,2009
2,3160959,2009
19,3161007,2009
7,3161056,2009
21,3161106,2009
4,3161205,2009
2,3161304,2009
3,3161403,2009
3,3161502,2009
7,3161601,2009
6,3161650,2009
4,3161700,2009
8,3161809,2009
7,3161908,2009
2,3125507,2009
12,3162005,2009
12,3162104,2009
6,3162203,2009
6,3162252,2009
1,3162302,2009
15,3162401,2009
3,3162450,2009
30,3162500,2009
6,3162559,2009
5,3162575,2009
7,3162609,2009
3,3162658,2009
9,3162708,2009
13,3162807,2009
20,3162906,2009
4,3162922,2009
4,3162948,2009
6,3162955,2009
7,3163003,2009
2,3163102,2009
2,3163201,2009
7,3163300,2009
3,3163409,2009
2,3163508,2009
1,3163607,2009
13,3163706,2009
4,3163805,2009
4,3163904,2009
6,3164100,2009
7,3164001,2009
7,3164209,2009
6,3164308,2009
2,3164407,2009
5,3164431,2009
4,3164472,2009
4,3164506,2009
11,3164605,2009
27,3164704,2009
1,3164803,2009
2,3164902,2009
5,3165206,2009
6,3165008,2009
6,3165107,2009
5,3165305,2009
2,3165404,2009
3,3165503,2009
9,3165537,2009
4,3165560,2009
2,3165578,2009
2,3165602,2009
5,3165701,2009
2,3165800,2009
1,3165909,2009
3,3166006,2009
1,3166105,2009
4,3166204,2009
8,3166303,2009
1,3166402,2009
3,3166501,2009
1,3166600,2009
5,3166808,2009
6,3166709,2009
3,3166907,2009
3,3166956,2009
2,3167004,2009
13,3167103,2009
57,3167202,2009
4,3165552,2009
3,3167301,2009
3,3167400,2009
4,3167509,2009
9,3167608,2009
6,3167707,2009
5,3167806,2009
5,3167905,2009
17,3168002,2009
3,3168051,2009
2,3168101,2009
3,3168200,2009
3,3168309,2009
13,3168408,2009
4,3168507,2009
32,3168606,2009
23,3168705,2009
4,3168804,2009
8,3168903,2009
5,3169000,2009
3,3169059,2009
2,3169109,2009
9,3169208,2009
25,3169307,2009
14,3169356,2009
20,3169406,2009
4,3169505,2009
10,3169604,2009
18,3169703,2009
1,3169802,2009
27,3169901,2009
11,3170008,2009
5,3170057,2009
46,3170107,2009
85,3170206,2009
4,3170305,2009
16,3170404,2009
1,3170438,2009
3,3170479,2009
3,3170503,2009
7,3170529,2009
4,3170578,2009
3,3170602,2009
3,3170651,2009
31,3170701,2009
4,3170750,2009
16,3170800,2009
12,3170909,2009
10,3171006,2009
5,3171030,2009
6,3171071,2009
2,3171105,2009
6,3171154,2009
20,3171204,2009
12,3171303,2009
4,3171402,2009
10,3171600,2009
5,3171709,2009
3,3171808,2009
2,3171907,2009
15,3172004,2009
4,3172103,2009
4,3172202,2009
16,3200102,2009
7,3200169,2009
6,3200136,2009
23,3200201,2009
16,3200300,2009
5,3200359,2009
31,3200409,2009
8,3200508,2009
26,3200607,2009
12,3200706,2009
17,3200805,2009
22,3200904,2009
8,3201001,2009
7,3201100,2009
10,3201159,2009
51,3201209,2009
39,3201308,2009
6,3201407,2009
40,3201506,2009
11,3201605,2009
6,3201704,2009
5,3201803,2009
19,3201902,2009
4,3202009,2009
25,3202108,2009
5,3202207,2009
11,3202256,2009
15,3202306,2009
26,3202405,2009
9,3202454,2009
18,3202504,2009
7,3202553,2009
8,3202603,2009
6,3202652,2009
14,3202702,2009
15,3202801,2009
9,3202900,2009
13,3203007,2009
10,3203056,2009
9,3203106,2009
14,3203130,2009
6,3203163,2009
39,3203205,2009
6,3203304,2009
17,3203320,2009
8,3203346,2009
8,3203353,2009
12,3203403,2009
8,3203502,2009
5,3203601,2009
8,3203700,2009
12,3203809,2009
20,3203908,2009
11,3204005,2009
8,3204054,2009
16,3204104,2009
15,3204203,2009
5,3204252,2009
10,3204302,2009
5,3204351,2009
10,3204401,2009
10,3204500,2009
16,3204559,2009
7,3204609,2009
8,3204658,2009
18,3204708,2009
9,3204807,2009
32,3204906,2009
8,3204955,2009
44,3205002,2009
9,3205010,2009
16,3205036,2009
7,3205069,2009
21,3205101,2009
5,3205150,2009
6,3205176,2009
28,3205200,2009
51,3205309,2009
51,3300100,2009
8,3300159,2009
22,3300209,2009
10,3300225,2009
14,3300233,2009
11,3300258,2009
32,3300308,2009
62,3300407,2009
41,3300456,2009
11,3300506,2009
28,3300605,2009
37,3300704,2009
29,3300803,2009
6,3300902,2009
88,3301009,2009
22,3301108,2009
9,3300936,2009
11,3301157,2009
13,3301207,2009
14,3301306,2009
10,3300951,2009
12,3301405,2009
9,3301504,2009
10,3301603,2009
60,3301702,2009
11,3301801,2009
10,3301850,2009
11,3301876,2009
50,3301900,2009
25,3302007,2009
12,3302056,2009
11,3302106,2009
27,3302205,2009
10,3302254,2009
12,3302270,2009
8,3302304,2009
58,3302403,2009
6,3302452,2009
69,3302502,2009
16,3302601,2009
21,3302700,2009
16,3302809,2009
16,3302858,2009
19,3302908,2009
9,3303005,2009
10,3303104,2009
11,3303203,2009
70,3303302,2009
27,3303401,2009
64,3303500,2009
22,3303609,2009
29,3303708,2009
33,3303807,2009
15,3303856,2009
55,3303906,2009
12,3303955,2009
19,3304003,2009
14,3304102,2009
15,3304110,2009
12,3304128,2009
9,3304144,2009
19,3304151,2009
40,3304201,2009
26,3304300,2009
18,3304409,2009
12,3304508,2009
18,3304524,2009
189,3304557,2009
14,3304607,2009
17,3304706,2009
18,3304805,2009
26,3304755,2009
137,3304904,2009
9,3305000,2009
17,3305109,2009
5,3305133,2009
11,3305158,2009
23,3305208,2009
7,3305307,2009
14,3305406,2009
19,3305505,2009
23,3305554,2009
18,3305604,2009
14,3305703,2009
8,3305752,2009
31,3305802,2009
11,3305901,2009
28,3306008,2009
36,3306107,2009
4,3306156,2009
20,3306206,2009
70,3306305,2009
9,3500105,2009
1,3500204,2009
10,3500303,2009
4,3500402,2009
6,3500501,2009
3,3500550,2009
2,3500600,2009
5,3500709,2009
5,3500758,2009
1,3500808,2009
3,3500907,2009
7,3501004,2009
4,3501103,2009
4,3501152,2009
2,3501202,2009
7,3501301,2009
2,3501400,2009
1,3501509,2009
24,3501608,2009
5,3501707,2009
1,3501806,2009
23,3501905,2009
1,3502002,2009
7,3502101,2009
13,3502200,2009
2,3502309,2009
1,3502408,2009
11,3502507,2009
1,3502606,2009
12,3502705,2009
1,3502754,2009
35,3502804,2009
4,3502903,2009
1,3503000,2009
2,3503109,2009
2,3503158,2009
32,3503208,2009
28,3503307,2009
2,3503356,2009
5,3503406,2009
3,3503505,2009
4,3503604,2009
1,3503703,2009
13,3503802,2009
8,3503901,2009
1,3503950,2009
23,3504008,2009
25,3504107,2009
1,3504206,2009
1,3504305,2009
2,3504404,2009
19,3504503,2009
1,3504602,2009
1,3504701,2009
1,3504800,2009
4,3504909,2009
1,3505005,2009
1,3505104,2009
9,3505203,2009
8,3505302,2009
3,3505351,2009
5,3505401,2009
24,3505500,2009
6,3505609,2009
32,3505708,2009
10,3505807,2009
10,3505906,2009
49,3506003,2009
24,3506102,2009
3,3506201,2009
3,3506300,2009
7,3506359,2009
1,3506409,2009
14,3506508,2009
4,3506607,2009
6,3506706,2009
4,3506805,2009
3,3506904,2009
5,3507001,2009
1,3507100,2009
1,3507159,2009
1,3507209,2009
1,3507308,2009
5,3507407,2009
1,3507456,2009
22,3507506,2009
33,3507605,2009
1,3507704,2009
1,3507753,2009
6,3507803,2009
7,3507902,2009
8,3508009,2009
5,3508108,2009
1,3508207,2009
1,3508306,2009
7,3508405,2009
16,3508504,2009
14,3508603,2009
2,3508702,2009
6,3508801,2009
2,3508900,2009
16,3509007,2009
2,3509106,2009
11,3509205,2009
6,3509254,2009
4,3509304,2009
10,3509403,2009
2,3509452,2009
103,3509502,2009
10,3509601,2009
14,3509700,2009
1,3509809,2009
3,3509908,2009
4,3509957,2009
8,3510005,2009
1,3510104,2009
1,3510153,2009
18,3510203,2009
4,3510302,2009
12,3510401,2009
16,3510500,2009
21,3510609,2009
3,3510708,2009
3,3510807,2009
1,3510906,2009
3,3511003,2009
29,3511102,2009
1,3511201,2009
2,3511300,2009
5,3511409,2009
8,3511508,2009
4,3511607,2009
6,3511706,2009
4,3557204,2009
1,3511904,2009
8,3512001,2009
5,3512100,2009
7,3512209,2009
7,3512308,2009
10,3512407,2009
1,3512506,2009
3,3512605,2009
2,3512704,2009
14,3512803,2009
2,3512902,2009
32,3513009,2009
3,3513108,2009
3,3513207,2009
3,3513306,2009
27,3513405,2009
24,3513504,2009
7,3513603,2009
13,3513702,2009
28,3513801,2009
1,3513850,2009
4,3513900,2009
1,3514007,2009
6,3514106,2009
2,3514205,2009
4,3514304,2009
12,3514403,2009
4,3514502,2009
3,3514601,2009
5,3514700,2009
3,3514809,2009
2,3514908,2009
1,3514924,2009
1,3514957,2009
21,3515004,2009
6,3515103,2009
1,3515129,2009
4,3515152,2009
7,3515186,2009
2,3515194,2009
2,3557303,2009
0,3515202,2009
1,3515301,2009
6,3515350,2009
2,3515400,2009
2,3515608,2009
22,3515509,2009
1,3515657,2009
16,3515707,2009
1,3515806,2009
1,3515905,2009
4,3516002,2009
1,3516101,2009
34,3516200,2009
18,3516309,2009
17,3516408,2009
1,3516507,2009
2,3516606,2009
12,3516705,2009
1,3516804,2009
4,3516853,2009
3,3516903,2009
2,3517000,2009
2,3517109,2009
5,3517208,2009
2,3517307,2009
12,3517406,2009
3,3517505,2009
8,3517604,2009
3,3517703,2009
1,3517802,2009
3,3517901,2009
1,3518008,2009
2,3518107,2009
6,3518206,2009
2,3518305,2009
20,3518404,2009
3,3518503,2009
6,3518602,2009
37,3518701,2009
93,3518800,2009
1,3518859,2009
1,3518909,2009
6,3519006,2009
3,3519055,2009
24,3519071,2009
3,3519105,2009
4,3519204,2009
4,3519253,2009
9,3519303,2009
3,3519402,2009
1,3519501,2009
9,3519600,2009
17,3519709,2009
1,3519808,2009
5,3519907,2009
6,3520004,2009
5,3520103,2009
1,3520202,2009
11,3520301,2009
5,3520426,2009
5,3520442,2009
10,3520400,2009
20,3520509,2009
3,3520608,2009
1,3520707,2009
1,3520806,2009
2,3520905,2009
7,3521002,2009
2,3521101,2009
2,3521150,2009
6,3521200,2009
3,3521309,2009
7,3521408,2009
3,3521507,2009
3,3521606,2009
7,3521705,2009
8,3521804,2009
7,3521903,2009
1,3522000,2009
14,3522109,2009
1,3522158,2009
20,3522208,2009
39,3522307,2009
31,3522406,2009
13,3522505,2009
20,3522604,2009
2,3522653,2009
7,3522703,2009
2,3522802,2009
4,3522901,2009
1,3523008,2009
23,3523107,2009
14,3523206,2009
2,3523305,2009
20,3523404,2009
1,3523503,2009
7,3523602,2009
3,3523701,2009
1,3523800,2009
26,3523909,2009
17,3524006,2009
10,3524105,2009
4,3524204,2009
13,3524303,2009
23,3524402,2009
1,3524501,2009
4,3524600,2009
11,3524709,2009
14,3524808,2009
1,3524907,2009
13,3525003,2009
12,3525102,2009
4,3525201,2009
22,3525300,2009
2,3525409,2009
1,3525508,2009
1,3525607,2009
10,3525706,2009
1,3525805,2009
1,3525854,2009
57,3525904,2009
10,3526001,2009
6,3526100,2009
10,3526209,2009
2,3526308,2009
10,3526407,2009
1,3526506,2009
4,3526605,2009
19,3526704,2009
13,3526803,2009
39,3526902,2009
2,3527009,2009
10,3527108,2009
14,3527207,2009
1,3527256,2009
6,3527306,2009
4,3527405,2009
1,3527504,2009
6,3527603,2009
1,3527702,2009
2,3527801,2009
1,3527900,2009
7,3528007,2009
2,3528106,2009
1,3528205,2009
1,3528304,2009
15,3528403,2009
21,3528502,2009
3,3528601,2009
2,3528700,2009
5,3528809,2009
1,3528858,2009
2,3528908,2009
56,3529005,2009
1,3529104,2009
9,3529203,2009
15,3529302,2009
29,3529401,2009
1,3529500,2009
2,3529609,2009
1,3529658,2009
7,3529708,2009
3,3529807,2009
1,3530003,2009
5,3529906,2009
5,3530102,2009
10,3530201,2009
6,3530300,2009
1,3530409,2009
10,3530508,2009
36,3530607,2009
25,3530706,2009
17,3530805,2009
2,3530904,2009
2,3531001,2009
10,3531100,2009
5,3531209,2009
13,3531308,2009
10,3531407,2009
4,3531506,2009
1,3531605,2009
15,3531803,2009
1,3531704,2009
6,3531902,2009
5,3532009,2009
2,3532058,2009
1,3532108,2009
1,3532157,2009
4,3532207,2009
1,3532306,2009
3,3532405,2009
4,3532504,2009
3,3532603,2009
1,3532702,2009
2,3532801,2009
3,3532827,2009
2,3532843,2009
1,3532868,2009
5,3532900,2009
1,3533007,2009
1,3533106,2009
1,3533205,2009
1,3533304,2009
6,3533403,2009
1,3533254,2009
8,3533502,2009
2,3533601,2009
2,3533700,2009
3,3533809,2009
8,3533908,2009
1,3534005,2009
2,3534104,2009
1,3534203,2009
6,3534302,2009
47,3534401,2009
1,3534500,2009
9,3534609,2009
21,3534708,2009
3,3534807,2009
3,3534757,2009
2,3534906,2009
1,3535002,2009
1,3535101,2009
3,3535200,2009
5,3535309,2009
4,3535408,2009
14,3535507,2009
2,3535606,2009
1,3535705,2009
12,3535804,2009
1,3535903,2009
5,3536000,2009
1,3536109,2009
7,3536208,2009
1,3536257,2009
6,3536307,2009
4,3536406,2009
20,3536505,2009
1,3536570,2009
1,3536604,2009
12,3536703,2009
1,3536802,2009
3,3536901,2009
6,3537008,2009
8,3537107,2009
2,3537156,2009
13,3537206,2009
13,3537305,2009
8,3537404,2009
4,3537503,2009
13,3537602,2009
1,3537701,2009
6,3537800,2009
7,3537909,2009
27,3538006,2009
4,3538105,2009
4,3538204,2009
1,3538303,2009
5,3538501,2009
2,3538600,2009
101,3538709,2009
9,3538808,2009
5,3538907,2009
3,3539004,2009
5,3539103,2009
7,3539202,2009
25,3539301,2009
2,3539400,2009
8,3539509,2009
1,3539608,2009
2,3539707,2009
21,3539806,2009
1,3539905,2009
10,3540002,2009
1,3540101,2009
9,3540200,2009
1,3540259,2009
1,3540309,2009
1,3540408,2009
3,3540507,2009
7,3540606,2009
17,3540705,2009
5,3540754,2009
6,3540804,2009
1,3540853,2009
4,3540903,2009
31,3541000,2009
1,3541059,2009
2,3541109,2009
7,3541208,2009
10,3541307,2009
39,3541406,2009
12,3541505,2009
14,3541604,2009
1,3541653,2009
7,3541703,2009
2,3541802,2009
5,3541901,2009
5,3542008,2009
1,3542107,2009
10,3542206,2009
1,3542305,2009
8,3542404,2009
1,3542503,2009
15,3542602,2009
3,3542701,2009
2,3542800,2009
6,3542909,2009
6,3543006,2009
2,3543105,2009
1,3543204,2009
1,3543238,2009
1,3543253,2009
11,3543303,2009
64,3543402,2009
1,3543600,2009
4,3543709,2009
4,3543808,2009
32,3543907,2009
5,3544004,2009
8,3544103,2009
1,3544202,2009
1,3543501,2009
12,3544251,2009
4,3544301,2009
3,3544400,2009
2,3544509,2009
1,3544608,2009
1,3544707,2009
1,3544806,2009
2,3544905,2009
3,3545001,2009
1,3545100,2009
2,3545159,2009
17,3545209,2009
11,3545308,2009
1,3545407,2009
2,3545506,2009
5,3545605,2009
2,3545704,2009
18,3545803,2009
2,3546009,2009
1,3546108,2009
2,3546207,2009
2,3546256,2009
8,3546306,2009
7,3546405,2009
1,3546504,2009
11,3546603,2009
7,3546702,2009
11,3546801,2009
4,3546900,2009
2,3547007,2009
2,3547106,2009
1,3547403,2009
6,3547502,2009
6,3547601,2009
1,3547650,2009
1,3547205,2009
11,3547304,2009
5,3547700,2009
52,3547809,2009
5,3547908,2009
9,3548005,2009
3,3548054,2009
1,3548104,2009
8,3548203,2009
1,3548302,2009
1,3548401,2009
70,3548500,2009
1,3548609,2009
58,3548708,2009
31,3548807,2009
33,3548906,2009
1,3549003,2009
15,3549102,2009
1,3549201,2009
1,3549250,2009
1,3549300,2009
13,3549409,2009
3,3549508,2009
3,3549607,2009
12,3549706,2009
33,3549805,2009
59,3549904,2009
5,3549953,2009
3,3550001,2009
6,3550100,2009
11,3550209,2009
540,3550308,2009
6,3550407,2009
3,3550506,2009
11,3550605,2009
36,3550704,2009
4,3550803,2009
6,3550902,2009
56,3551009,2009
3,3551108,2009
1,3551207,2009
1,3551306,2009
3,3551405,2009
10,3551603,2009
6,3551504,2009
14,3551702,2009
2,3551801,2009
5,3551900,2009
3,3552007,2009
13,3552106,2009
41,3552205,2009
2,3552304,2009
35,3552403,2009
1,3552551,2009
22,3552502,2009
4,3552601,2009
5,3552700,2009
20,3552809,2009
3,3552908,2009
1,3553005,2009
1,3553104,2009
3,3553203,2009
6,3553302,2009
11,3553401,2009
3,3553500,2009
2,3553609,2009
1,3553658,2009
22,3553708,2009
6,3553807,2009
2,3553856,2009
5,3553906,2009
8,3553955,2009
21,3554003,2009
67,3554102,2009
3,3554201,2009
13,3554300,2009
7,3554409,2009
12,3554508,2009
1,3554607,2009
1,3554656,2009
3,3554706,2009
1,3554755,2009
7,3554805,2009
2,3554904,2009
2,3554953,2009
26,3555000,2009
5,3555109,2009
1,3555208,2009
2,3555307,2009
1,3555356,2009
34,3555406,2009
1,3555505,2009
4,3555604,2009
1,3555703,2009
2,3555802,2009
1,3555901,2009
4,3556008,2009
2,3556107,2009
24,3556206,2009
2,3556305,2009
1,3556354,2009
10,3556404,2009
9,3556453,2009
17,3556503,2009
2,3556602,2009
11,3556701,2009
8,3556800,2009
3,3556909,2009
1,3556958,2009
15,3557006,2009
17,3557105,2009
1,3557154,2009
2,4100103,2009
7,4100202,2009
3,4100301,2009
9,4100400,2009
3,4100459,2009
2,4128625,2009
5,4100608,2009
4,4100707,2009
6,4100509,2009
5,4100806,2009
3,4100905,2009
10,4101002,2009
1,4101051,2009
5,4101101,2009
1,4101150,2009
7,4101200,2009
6,4101309,2009
43,4101408,2009
34,4101507,2009
13,4101606,2009
5,4101655,2009
5,4101705,2009
20,4101804,2009
1,4101853,2009
5,4101903,2009
8,4102000,2009
7,4102109,2009
2,4102208,2009
8,4102307,2009
8,4102406,2009
8,4102505,2009
1,4102703,2009
8,4102604,2009
4,4102752,2009
5,4102802,2009
11,4102901,2009
5,4103008,2009
3,4103024,2009
14,4103040,2009
5,4103057,2009
2,4103107,2009
6,4103156,2009
5,4103206,2009
1,4103222,2009
3,4103305,2009
3,4103354,2009
4,4103370,2009
1,4103404,2009
5,4103453,2009
5,4103479,2009
5,4103503,2009
7,4103602,2009
17,4103701,2009
4,4103800,2009
5,4103909,2009
9,4103958,2009
15,4104006,2009
2,4104055,2009
4,4104105,2009
20,4104204,2009
7,4104253,2009
24,4104303,2009
13,4104402,2009
8,4104428,2009
4,4104451,2009
12,4104501,2009
4,4104600,2009
4,4104659,2009
2,4104709,2009
49,4104808,2009
59,4104907,2009
3,4105003,2009
4,4105102,2009
10,4105201,2009
5,4105300,2009
15,4105409,2009
15,4105508,2009
3,4105607,2009
5,4105706,2009
27,4105805,2009
6,4105904,2009
5,4106001,2009
3,4106100,2009
8,4106209,2009
5,4106308,2009
11,4106407,2009
5,4106456,2009
17,4106506,2009
1,4106555,2009
7,4106803,2009
6,4106571,2009
4,4106605,2009
1,4106704,2009
2,4106852,2009
152,4106902,2009
8,4107009,2009
4,4107157,2009
3,4107108,2009
2,4107124,2009
9,4107207,2009
3,4107256,2009
4,4107306,2009
4,4128633,2009
11,4107405,2009
5,4107504,2009
1,4107538,2009
1,4107520,2009
5,4107546,2009
3,4107553,2009
4,4107603,2009
15,4107652,2009
1,4107702,2009
8,4107736,2009
4,4107751,2009
7,4107850,2009
3,4107801,2009
3,4107900,2009
5,4108007,2009
1,4108106,2009
1,4108205,2009
29,4108304,2009
3,4108452,2009
4,4108320,2009
28,4108403,2009
16,4108502,2009
2,4108551,2009
10,4108601,2009
5,4108650,2009
5,4108700,2009
13,4108809,2009
2,4108908,2009
7,4108957,2009
2,4109005,2009
1,4109104,2009
2,4109203,2009
11,4109302,2009
44,4109401,2009
13,4109500,2009
11,4109609,2009
9,4109658,2009
9,4109708,2009
2,4109757,2009
12,4109807,2009
3,4109906,2009
1,4110003,2009
1,4110052,2009
2,4110078,2009
12,4110102,2009
17,4110201,2009
2,4110300,2009
2,4110409,2009
10,4110508,2009
8,4110607,2009
1,4110656,2009
30,4110706,2009
5,4110805,2009
1,4110904,2009
6,4110953,2009
1,4111001,2009
2,4111100,2009
6,4111209,2009
6,4111258,2009
5,4111308,2009
5,4111407,2009
7,4111506,2009
3,4111555,2009
3,4111605,2009
6,4111704,2009
8,4111803,2009
3,4111902,2009
15,4112009,2009
7,4112108,2009
6,4112207,2009
3,4112306,2009
2,4112405,2009
8,4112504,2009
1,4112603,2009
3,4112702,2009
3,4112751,2009
4,4112801,2009
2,4112900,2009
5,4112959,2009
2,4113007,2009
2,4113106,2009
15,4113205,2009
1,4113254,2009
12,4113304,2009
4,4113403,2009
2,4113429,2009
2,4113452,2009
7,4113502,2009
1,4113601,2009
71,4113700,2009
1,4113734,2009
3,4113759,2009
3,4113809,2009
7,4113908,2009
5,4114005,2009
3,4114104,2009
10,4114203,2009
10,4114302,2009
4,4114351,2009
9,4114401,2009
5,4114500,2009
12,4114609,2009
7,4114708,2009
11,4114807,2009
4,4114906,2009
3,4115002,2009
3,4115101,2009
36,4115200,2009
2,4115309,2009
3,4115358,2009
5,4115408,2009
2,4115457,2009
2,4115507,2009
6,4115606,2009
7,4115705,2009
2,4115739,2009
4,4115754,2009
13,4115804,2009
3,4115853,2009
3,4115903,2009
2,4116000,2009
5,4116059,2009
3,4116109,2009
10,4116208,2009
2,4116307,2009
3,4116406,2009
1,4116505,2009
1,4116604,2009
4,4116703,2009
5,4116802,2009
8,4116901,2009
4,4116950,2009
2,4117008,2009
8,4117057,2009
10,4117107,2009
3,4117206,2009
5,4117255,2009
1,4117214,2009
4,4117222,2009
6,4117271,2009
4,4117297,2009
17,4117305,2009
1,4117404,2009
2,4117453,2009
11,4117503,2009
6,4117602,2009
15,4117701,2009
2,4117800,2009
8,4117909,2009
3,4118006,2009
4,4118105,2009
26,4118204,2009
2,4118303,2009
21,4118402,2009
1,4118451,2009
16,4118501,2009
5,4118600,2009
7,4118709,2009
2,4118808,2009
2,4118857,2009
4,4118907,2009
6,4119004,2009
4,4119103,2009
14,4119152,2009
1,4119251,2009
6,4119202,2009
21,4119301,2009
8,4119400,2009
16,4119509,2009
16,4119608,2009
1,4119657,2009
3,4119707,2009
6,4119806,2009
60,4119905,2009
7,4119954,2009
6,4120002,2009
2,4120101,2009
3,4120150,2009
3,4120200,2009
2,4120309,2009
3,4120333,2009
4,4120358,2009
2,4120408,2009
4,4120507,2009
21,4120606,2009
2,4120655,2009
1,4120705,2009
8,4120804,2009
1,4120853,2009
12,4120903,2009
5,4121000,2009
1,4121109,2009
12,4121208,2009
1,4121257,2009
2,4121307,2009
1,4121356,2009
7,4121406,2009
10,4121505,2009
2,4121604,2009
33,4121703,2009
7,4121752,2009
6,4121802,2009
2,4121901,2009
12,4122008,2009
4,4122107,2009
4,4122156,2009
2,4122172,2009
6,4122206,2009
17,4122305,2009
10,4122404,2009
4,4122503,2009
3,4122602,2009
4,4122651,2009
4,4122701,2009
4,4122800,2009
3,4122909,2009
9,4123006,2009
1,4123105,2009
1,4123204,2009
4,4123303,2009
1,4123402,2009
10,4123501,2009
2,4123600,2009
2,4123709,2009
6,4123808,2009
3,4123824,2009
5,4123857,2009
4,4123907,2009
4,4123956,2009
4,4124020,2009
6,4124053,2009
3,4124004,2009
9,4124103,2009
2,4124202,2009
2,4124301,2009
8,4124400,2009
1,4124509,2009
3,4124608,2009
10,4124707,2009
5,4124806,2009
3,4124905,2009
6,4125001,2009
10,4125100,2009
10,4125209,2009
3,4125308,2009
4,4125357,2009
5,4125407,2009
1,4125456,2009
40,4125506,2009
1,4125555,2009
21,4125605,2009
6,4125704,2009
4,4125753,2009
3,4125803,2009
2,4125902,2009
3,4126009,2009
1,4126108,2009
6,4126207,2009
8,4126256,2009
1,4126272,2009
11,4126306,2009
2,4126355,2009
3,4126405,2009
4,4126504,2009
5,4126603,2009
3,4126652,2009
3,4126678,2009
3,4126702,2009
7,4126801,2009
5,4126900,2009
7,4127007,2009
19,4127106,2009
4,4127205,2009
4,4127304,2009
7,4127403,2009
10,4127502,2009
10,4127601,2009
19,4127700,2009
4,4127809,2009
5,4127858,2009
2,4127882,2009
6,4127908,2009
5,4127957,2009
13,4127965,2009
10,4128005,2009
33,4128104,2009
22,4128203,2009
2,4128302,2009
3,4128401,2009
4,4128534,2009
4,4128559,2009
8,4128609,2009
1,4128658,2009
3,4128708,2009
11,4128500,2009
5,4128807,2009
1,4200051,2009
1,4200101,2009
2,4200200,2009
2,4200309,2009
2,4200408,2009
2,4200507,2009
2,4200556,2009
2,4200606,2009
2,4200705,2009
3,4200754,2009
2,4200804,2009
4,4200903,2009
2,4201000,2009
1,4201109,2009
1,4201208,2009
4,4201257,2009
3,4201273,2009
9,4201307,2009
17,4201406,2009
5,4201505,2009
1,4201604,2009
1,4201653,2009
2,4201703,2009
5,4201802,2009
1,4201901,2009
3,4201950,2009
4,4202057,2009
20,4202008,2009
5,4202073,2009
7,4212809,2009
1,4202081,2009
2,4202099,2009
11,4202107,2009
6,4202131,2009
1,4202156,2009
4,4202206,2009
18,4202305,2009
70,4202404,2009
1,4202438,2009
3,4202503,2009
1,4202537,2009
1,4202578,2009
4,4202602,2009
5,4202453,2009
1,4202701,2009
12,4202800,2009
2,4202859,2009
2,4202875,2009
22,4202909,2009
12,4203006,2009
2,4203105,2009
2,4203154,2009
9,4203204,2009
4,4203303,2009
1,4203402,2009
3,4203501,2009
13,4203600,2009
7,4203709,2009
18,4203808,2009
1,4203253,2009
9,4203907,2009
14,4203956,2009
4,4204004,2009
3,4204103,2009
3,4204152,2009
2,4204178,2009
4,4204194,2009
35,4204202,2009
8,4204251,2009
32,4204301,2009
2,4204350,2009
3,4204400,2009
2,4204459,2009
5,4204558,2009
5,4204509,2009
57,4204608,2009
3,4204707,2009
1,4204756,2009
11,4204806,2009
2,4204905,2009
9,4205001,2009
2,4205100,2009
3,4205159,2009
1,4205175,2009
1,4205191,2009
1,4205209,2009
2,4205308,2009
1,4205357,2009
75,4205407,2009
1,4205431,2009
15,4205456,2009
6,4205506,2009
1,4205555,2009
1,4205605,2009
13,4205704,2009
5,4205803,2009
12,4205902,2009
10,4206009,2009
2,4206108,2009
11,4206207,2009
6,4206306,2009
4,4206405,2009
9,4206504,2009
1,4206603,2009
2,4206652,2009
8,4206702,2009
1,4206751,2009
1,4206801,2009
13,4206900,2009
31,4207007,2009
4,4207106,2009
30,4207205,2009
30,4207304,2009
3,4207403,2009
12,4207502,2009
2,4207577,2009
3,4207601,2009
2,4207650,2009
5,4207684,2009
6,4207700,2009
3,4207759,2009
3,4207809,2009
2,4207858,2009
5,4207908,2009
3,4208005,2009
13,4208104,2009
38,4208203,2009
11,4208302,2009
5,4208401,2009
8,4208450,2009
10,4208500,2009
1,4208609,2009
6,4208708,2009
8,4208807,2009
25,4208906,2009
1,4208955,2009
11,4209003,2009
75,4209102,2009
10,4209151,2009
1,4209177,2009
2,4209201,2009
37,4209300,2009
24,4209409,2009
1,4209458,2009
1,4209508,2009
8,4209607,2009
6,4209706,2009
2,4209805,2009
1,4209854,2009
1,4209904,2009
6,4210001,2009
2,4210035,2009
2,4210050,2009
13,4210100,2009
7,4210209,2009
11,4210308,2009
2,4210407,2009
4,4210506,2009
1,4210555,2009
6,4210605,2009
2,4210704,2009
6,4210803,2009
1,4210852,2009
1,4210902,2009
4,4211009,2009
5,4211058,2009
3,4211108,2009
10,4211207,2009
2,4211256,2009
22,4211306,2009
1,4211405,2009
0,4211454,2009
3,4211504,2009
10,4211603,2009
1,4211652,2009
18,4211702,2009
4,4211751,2009
3,4211801,2009
1,4211850,2009
1,4211876,2009
1,4211892,2009
15,4211900,2009
5,4212007,2009
3,4212056,2009
6,4212106,2009
8,4212205,2009
2,4212239,2009
1,4212254,2009
4,4212270,2009
3,4212304,2009
7,4212403,2009
8,4212502,2009
1,4212601,2009
1,4212700,2009
2,4212908,2009
2,4213005,2009
2,4213104,2009
1,4213153,2009
8,4213203,2009
4,4213302,2009
1,4213351,2009
4,4213401,2009
7,4213500,2009
13,4213609,2009
5,4213708,2009
4,4213807,2009
1,4213906,2009
7,4214003,2009
1,4214102,2009
1,4214151,2009
4,4214201,2009
2,4214300,2009
2,4214409,2009
3,4214508,2009
2,4214607,2009
22,4214805,2009
4,4214706,2009
1,4214904,2009
19,4215000,2009
1,4215059,2009
3,4215075,2009
3,4215109,2009
4,4215208,2009
3,4215307,2009
1,4215356,2009
1,4215406,2009
5,4215455,2009
9,4215505,2009
1,4215554,2009
1,4215604,2009
5,4215653,2009
6,4215679,2009
1,4215687,2009
1,4215695,2009
3,4215703,2009
24,4215802,2009
1,4215752,2009
2,4215901,2009
3,4216008,2009
2,4216057,2009
5,4216107,2009
23,4216206,2009
9,4216305,2009
4,4216354,2009
1,4216255,2009
3,4216404,2009
8,4216503,2009
23,4216602,2009
4,4216701,2009
3,4216800,2009
8,4216909,2009
3,4217006,2009
5,4217105,2009
1,4217154,2009
16,4217204,2009
1,4217253,2009
1,4217303,2009
5,4217402,2009
9,4217501,2009
1,4217550,2009
5,4217600,2009
8,4217709,2009
1,4217758,2009
12,4217808,2009
4,4217907,2009
1,4217956,2009
11,4218004,2009
2,4218103,2009
13,4218202,2009
3,4218251,2009
5,4218301,2009
1,4218350,2009
9,4218400,2009
1,4218509,2009
2,4218608,2009
28,4218707,2009
2,4218756,2009
4,4218806,2009
1,4218855,2009
3,4218905,2009
1,4218954,2009
10,4219002,2009
1,4219101,2009
1,4219150,2009
5,4219176,2009
1,4219200,2009
15,4219309,2009
3,4219358,2009
2,4219408,2009
7,4219507,2009
5,4219606,2009
10,4219705,2009
1,4219853,2009
2,4300034,2009
4,4300059,2009
5,4300109,2009
2,4300208,2009
5,4300307,2009
21,4300406,2009
3,4300455,2009
3,4300471,2009
3,4300505,2009
1,4300554,2009
2,4300570,2009
17,4300604,2009
3,4300638,2009
3,4300646,2009
1,4300661,2009
4,4300703,2009
4,4300802,2009
2,4300851,2009
2,4300877,2009
7,4300901,2009
5,4301008,2009
1,4301073,2009
4,4301057,2009
9,4301206,2009
2,4301107,2009
11,4301305,2009
2,4301404,2009
2,4301503,2009
1,4301552,2009
32,4301602,2009
4,4301636,2009
3,4301651,2009
3,4301701,2009
1,4301750,2009
3,4301859,2009
1,4301875,2009
5,4301909,2009
1,4301925,2009
1,4301958,2009
4,4301800,2009
1,4302006,2009
2,4302055,2009
28,4302105,2009
1,4302154,2009
3,4302204,2009
2,4302220,2009
1,4302238,2009
4,4302253,2009
3,4302303,2009
4,4302352,2009
1,4302378,2009
2,4302402,2009
4,4302451,2009
9,4302501,2009
2,4302584,2009
2,4302600,2009
1,4302659,2009
4,4302709,2009
9,4302808,2009
8,4302907,2009
26,4303004,2009
23,4303103,2009
4,4303202,2009
6,4303301,2009
3,4303400,2009
25,4303509,2009
1,4303558,2009
6,4303608,2009
3,4303673,2009
1,4303707,2009
2,4303806,2009
14,4303905,2009
1,4304002,2009
1,4304101,2009
6,4304200,2009
5,4304309,2009
7,4304358,2009
7,4304408,2009
32,4304507,2009
26,4304606,2009
2,4304614,2009
2,4304622,2009
9,4304630,2009
2,4304655,2009
9,4304663,2009
4,4304689,2009
1,4304697,2009
1,4304671,2009
2,4304713,2009
20,4304705,2009
6,4304804,2009
1,4304853,2009
4,4304903,2009
1,4304952,2009
1,4305009,2009
55,4305108,2009
1,4305116,2009
4,4305124,2009
2,4305132,2009
1,4305157,2009
1,4305173,2009
2,4305207,2009
4,4305306,2009
14,4305355,2009
2,4305371,2009
3,4305405,2009
1,4305439,2009
1,4305447,2009
4,4305454,2009
1,4305504,2009
1,4305587,2009
3,4305603,2009
4,4305702,2009
3,4305801,2009
1,4305835,2009
3,4305850,2009
1,4305871,2009
3,4305900,2009
1,4305934,2009
3,4305959,2009
1,4305975,2009
4,4306007,2009
4,4306056,2009
1,4306072,2009
24,4306106,2009
1,4306130,2009
4,4306205,2009
1,4306304,2009
2,4306320,2009
1,4306353,2009
3,4306379,2009
5,4306403,2009
1,4306429,2009
1,4306452,2009
4,4306502,2009
13,4306601,2009
1,4306551,2009
3,4306700,2009
3,4306734,2009
2,4306759,2009
5,4306767,2009
10,4306809,2009
9,4306908,2009
1,4306924,2009
1,4306957,2009
1,4306932,2009
1,4306973,2009
17,4307005,2009
1,4307054,2009
1,4307203,2009
7,4307302,2009
1,4307401,2009
5,4307450,2009
7,4307500,2009
1,4307559,2009
9,4307609,2009
6,4307708,2009
13,4307807,2009
3,4307815,2009
1,4307831,2009
1,4307864,2009
13,4307906,2009
2,4308003,2009
1,4308052,2009
1,4308078,2009
2,4308102,2009
5,4308201,2009
1,4308250,2009
1,4308300,2009
4,4308409,2009
2,4308433,2009
7,4308458,2009
4,4308508,2009
10,4308607,2009
3,4308656,2009
1,4308706,2009
4,4308805,2009
2,4308854,2009
5,4308904,2009
9,4309001,2009
3,4309050,2009
7,4309100,2009
1,4309126,2009
1,4309159,2009
34,4309209,2009
1,4309258,2009
1,4309308,2009
5,4309407,2009
4,4309506,2009
1,4309555,2009
2,4307104,2009
2,4309571,2009
7,4309605,2009
7,4309654,2009
1,4309704,2009
1,4309753,2009
4,4309803,2009
4,4309902,2009
1,4309951,2009
7,4310009,2009
14,4310108,2009
24,4310207,2009
1,4310306,2009
5,4310330,2009
3,4310363,2009
5,4310405,2009
2,4310413,2009
3,4310439,2009
1,4310462,2009
1,4310504,2009
1,4310538,2009
1,4310553,2009
1,4310579,2009
7,4310603,2009
1,4310652,2009
7,4310702,2009
1,4310751,2009
5,4310801,2009
3,4310850,2009
1,4310876,2009
1,4310900,2009
7,4311007,2009
4,4311106,2009
3,4311122,2009
2,4311130,2009
8,4311155,2009
8,4311205,2009
1,4311239,2009
2,4311270,2009
6,4311304,2009
2,4311254,2009
20,4311403,2009
1,4311429,2009
4,4311502,2009
2,4311601,2009
1,4311627,2009
1,4311643,2009
7,4311718,2009
4,4311700,2009
2,4311734,2009
5,4311759,2009
4,4311775,2009
1,4311791,2009
9,4311809,2009
2,4311908,2009
1,4311981,2009
2,4312005,2009
3,4312054,2009
3,4312104,2009
1,4312138,2009
1,4312153,2009
4,4312179,2009
1,4312203,2009
1,4312252,2009
1,4312302,2009
1,4312351,2009
2,4312377,2009
1,4312385,2009
5,4312401,2009
5,4312427,2009
4,4312443,2009
3,4312450,2009
1,4312476,2009
7,4312500,2009
2,4312609,2009
2,4312617,2009
1,4312625,2009
7,4312658,2009
4,4312674,2009
4,4312708,2009
1,4312757,2009
1,4312807,2009
2,4312906,2009
1,4312955,2009
1,4313003,2009
1,4313011,2009
3,4313037,2009
3,4313060,2009
1,4313086,2009
4,4313102,2009
9,4313201,2009
7,4313300,2009
1,4313334,2009
1,4313359,2009
4,4313375,2009
2,4313490,2009
2,4313391,2009
25,4313409,2009
4,4313425,2009
1,4313441,2009
2,4313466,2009
15,4313508,2009
1,4313607,2009
7,4313656,2009
19,4313706,2009
1,4313805,2009
16,4313904,2009
6,4313953,2009
1,4314001,2009
2,4314027,2009
2,4314035,2009
10,4314050,2009
7,4314068,2009
2,4314076,2009
44,4314100,2009
1,4314134,2009
1,4314159,2009
1,4314175,2009
2,4314209,2009
1,4314308,2009
63,4314407,2009
1,4314423,2009
1,4314456,2009
2,4314464,2009
3,4314472,2009
2,4314498,2009
7,4314506,2009
3,4314555,2009
5,4314605,2009
4,4314704,2009
1,4314753,2009
2,4314779,2009
2,4314787,2009
5,4314803,2009
128,4314902,2009
5,4315008,2009
2,4315057,2009
1,4315073,2009
7,4315107,2009
1,4315131,2009
1,4315149,2009
3,4315156,2009
1,4315172,2009
2,4315206,2009
5,4315305,2009
1,4315313,2009
3,4315321,2009
3,4315354,2009
13,4315404,2009
1,4315453,2009
9,4315503,2009
1,4315552,2009
35,4315602,2009
10,4315701,2009
2,4315750,2009
2,4315800,2009
1,4315909,2009
8,4315958,2009
21,4316006,2009
2,4316105,2009
1,4316204,2009
7,4316303,2009
13,4316402,2009
1,4316428,2009
2,4316436,2009
10,4316451,2009
3,4316477,2009
1,4316501,2009
6,4316600,2009
10,4317103,2009
4,4316709,2009
1,4316733,2009
1,4316758,2009
32,4316808,2009
1,4316972,2009
46,4316907,2009
3,4316956,2009
23,4317202,2009
1,4317251,2009
14,4317301,2009
7,4317004,2009
20,4317400,2009
15,4317509,2009
13,4317608,2009
9,4317707,2009
1,4317558,2009
1,4317756,2009
2,4317806,2009
8,4317905,2009
1,4317954,2009
17,4318002,2009
3,4318051,2009
8,4318101,2009
10,4318200,2009
10,4318309,2009
8,4318408,2009
1,4318424,2009
2,4318432,2009
1,4318440,2009
1,4318457,2009
1,4318465,2009
1,4318481,2009
3,4318499,2009
6,4318507,2009
1,4318606,2009
2,4318614,2009
6,4318622,2009
28,4318705,2009
16,4318804,2009
15,4318903,2009
4,4319000,2009
1,4319109,2009
0,4319125,2009
5,4319158,2009
8,4319208,2009
5,4319307,2009
1,4319356,2009
3,4319364,2009
1,4319372,2009
5,4319406,2009
1,4319505,2009
11,4319604,2009
1,4319703,2009
2,4319711,2009
3,4319737,2009
1,4319752,2009
7,4319802,2009
12,4319901,2009
22,4320008,2009
4,4320107,2009
3,4320206,2009
1,4320230,2009
5,4320263,2009
3,4320305,2009
3,4320321,2009
1,4320354,2009
4,4320404,2009
1,4320453,2009
2,4320503,2009
3,4320552,2009
1,4320578,2009
1,4320602,2009
1,4320651,2009
3,4320677,2009
6,4320701,2009
13,4320800,2009
3,4320859,2009
4,4320909,2009
4,4321006,2009
5,4321105,2009
15,4321204,2009
11,4321303,2009
3,4321329,2009
6,4321352,2009
7,4321402,2009
3,4321436,2009
4,4321451,2009
1,4321469,2009
4,4321477,2009
1,4321493,2009
8,4321501,2009
12,4321600,2009
2,4321626,2009
1,4321634,2009
5,4321667,2009
6,4321709,2009
12,4321808,2009
2,4321832,2009
2,4321857,2009
9,4321907,2009
2,4321956,2009
10,4322004,2009
2,4322103,2009
2,4322152,2009
1,4322186,2009
6,4322202,2009
1,4322251,2009
7,4322301,2009
2,4322327,2009
1,4322343,2009
1,4322350,2009
3,4322376,2009
24,4322400,2009
10,4322509,2009
4,4322533,2009
5,4322541,2009
2,4322525,2009
1,4322558,2009
17,4322608,2009
10,4322707,2009
6,4322806,2009
1,4322855,2009
1,4322905,2009
24,4323002,2009
3,4323101,2009
3,4323200,2009
1,4323309,2009
1,4323358,2009
2,4323408,2009
2,4323457,2009
1,4323507,2009
1,4323606,2009
2,4323705,2009
2,4323754,2009
1,4323770,2009
5,4323804,2009
10,5000203,2009
3,5000252,2009
16,5000609,2009
13,5000708,2009
5,5000807,2009
4,5000856,2009
5,5000906,2009
8,5001003,2009
31,5001102,2009
7,5001243,2009
4,5001508,2009
9,5001904,2009
7,5002001,2009
9,5002100,2009
9,5002159,2009
9,5002209,2009
7,5002308,2009
10,5002407,2009
5,5002605,2009
95,5002704,2009
3,5002803,2009
18,5002902,2009
9,5002951,2009
2,5003108,2009
7,5003157,2009
32,5003207,2009
7,5003256,2009
10,5003306,2009
8,5003454,2009
14,5003488,2009
7,5003504,2009
53,5003702,2009
7,5003751,2009
7,5003801,2009
2,5003900,2009
5,5004007,2009
5,5004106,2009
9,5004304,2009
4,5004403,2009
7,5004502,2009
11,5004601,2009
8,5004700,2009
6,5004809,2009
3,5004908,2009
9,5005004,2009
5,5005103,2009
4,5005152,2009
4,5005202,2009
4,5005251,2009
13,5005400,2009
14,5005608,2009
5,5005681,2009
18,5005707,2009
9,5005806,2009
8,5006002,2009
16,5006200,2009
4,5006259,2009
14,5006309,2009
9,5006358,2009
5,5006408,2009
20,5006606,2009
8,5006903,2009
8,5007109,2009
18,5007208,2009
1,5007307,2009
14,5007406,2009
2,5007505,2009
4,5007554,2009
13,5007695,2009
11,5007802,2009
4,5007703,2009
16,5007901,2009
5,5007935,2009
6,5007950,2009
6,5007976,2009
5,5008008,2009
27,5008305,2009
5,5008404,2009
4,5100102,2009
12,5100201,2009
35,5100250,2009
8,5100300,2009
3,5100359,2009
6,5100409,2009
6,5100508,2009
3,5100607,2009
5,5100805,2009
2,5101001,2009
1,5101209,2009
7,5101258,2009
6,5101308,2009
13,5101407,2009
8,5101605,2009
15,5101704,2009
32,5101803,2009
2,5101852,2009
14,5101902,2009
25,5102504,2009
19,5102603,2009
14,5102637,2009
17,5102678,2009
1,5102686,2009
5,5102694,2009
15,5102702,2009
13,5102793,2009
5,5102850,2009
12,5103007,2009
6,5103056,2009
3,5103106,2009
20,5103205,2009
8,5103254,2009
14,5103304,2009
16,5103353,2009
2,5103361,2009
8,5103379,2009
116,5103403,2009
2,5103437,2009
3,5103452,2009
11,5103502,2009
5,5103601,2009
5,5103700,2009
2,5103809,2009
10,5103858,2009
6,5103908,2009
2,5103957,2009
18,5104104,2009
9,5104203,2009
2,5104500,2009
2,5104526,2009
2,5104542,2009
5,5104559,2009
9,5104609,2009
13,5104807,2009
5,5104906,2009
8,5105002,2009
21,5105101,2009
22,5105150,2009
6,5105176,2009
9,5105200,2009
2,5105234,2009
15,5105259,2009
3,5105309,2009
7,5105580,2009
9,5105606,2009
14,5105622,2009
7,5105903,2009
3,5106000,2009
8,5106109,2009
9,5106158,2009
7,5106208,2009
6,5106216,2009
10,5108808,2009
1,5106182,2009
2,5108857,2009
4,5108907,2009
9,5108956,2009
10,5106224,2009
3,5106174,2009
6,5106232,2009
4,5106190,2009
9,5106240,2009
13,5106257,2009
3,5106273,2009
4,5106265,2009
1,5106315,2009
9,5106281,2009
7,5106299,2009
20,5106307,2009
7,5106372,2009
16,5106422,2009
2,5106455,2009
13,5106505,2009
2,5106653,2009
3,5106703,2009
15,5106752,2009
7,5106778,2009
6,5106802,2009
8,5106828,2009
4,5106851,2009
8,5107008,2009
15,5107040,2009
13,5107065,2009
2,5107156,2009
6,5107180,2009
4,5107198,2009
3,5107206,2009
3,5107578,2009
75,5107602,2009
8,5107701,2009
1,5107750,2009
3,5107248,2009
2,5107743,2009
2,5107768,2009
6,5107776,2009
4,5107263,2009
3,5107792,2009
14,5107800,2009
11,5107859,2009
4,5107297,2009
9,5107305,2009
4,5107354,2009
10,5107107,2009
2,5107404,2009
6,5107875,2009
1,5107883,2009
28,5107909,2009
24,5107925,2009
8,5107941,2009
26,5107958,2009
8,5108006,2009
13,5108055,2009
4,5108105,2009
4,5108204,2009
3,5108303,2009
4,5108352,2009
24,5108402,2009
6,5108501,2009
8,5105507,2009
11,5108600,2009
3,5200050,2009
11,5200100,2009
5,5200134,2009
1,5200159,2009
3,5200175,2009
2,5200209,2009
17,5200258,2009
7,5200308,2009
2,5200506,2009
3,5200555,2009
5,5200605,2009
4,5200803,2009
3,5200829,2009
2,5200852,2009
4,5200902,2009
46,5201108,2009
1,5201207,2009
9,5201306,2009
31,5201405,2009
4,5201454,2009
5,5201504,2009
3,5201603,2009
7,5201702,2009
3,5201801,2009
5,5202155,2009
3,5202353,2009
3,5202502,2009
2,5202601,2009
2,5202809,2009
1,5203104,2009
4,5203203,2009
9,5203302,2009
3,5203401,2009
6,5203500,2009
2,5203559,2009
3,5203575,2009
2,5203609,2009
3,5203807,2009
2,5203906,2009
4,5203939,2009
1,5203962,2009
3,5204003,2009
5,5204102,2009
1,5204201,2009
6,5204250,2009
8,5204300,2009
10,5204409,2009
16,5204508,2009
1,5204557,2009
1,5204607,2009
2,5204656,2009
10,5204706,2009
3,5204805,2009
2,5204854,2009
8,5204904,2009
5,5204953,2009
5,5205000,2009
2,5205059,2009
19,5205109,2009
2,5205208,2009
4,5205307,2009
13,5205406,2009
3,5205455,2009
5,5205471,2009
15,5205497,2009
5,5205513,2009
4,5205521,2009
3,5205703,2009
1,5205802,2009
6,5205901,2009
13,5206206,2009
4,5206305,2009
9,5206404,2009
4,5206503,2009
3,5206602,2009
2,5206701,2009
2,5206800,2009
2,5206909,2009
2,5207105,2009
5,5208301,2009
5,5207253,2009
2,5207352,2009
5,5207402,2009
2,5207501,2009
9,5207535,2009
5,5207600,2009
5,5207808,2009
6,5207907,2009
23,5208004,2009
3,5208103,2009
2,5208152,2009
7,5208400,2009
3,5208509,2009
22,5208608,2009
105,5208707,2009
11,5208806,2009
10,5208905,2009
14,5209101,2009
2,5209150,2009
6,5209200,2009
2,5209291,2009
1,5209408,2009
1,5209457,2009
2,5209606,2009
8,5209705,2009
6,5209804,2009
4,5209903,2009
3,5209937,2009
5,5209952,2009
11,5210000,2009
12,5210109,2009
2,5210158,2009
11,5210208,2009
2,5210307,2009
10,5210406,2009
2,5210562,2009
3,5210604,2009
8,5210802,2009
6,5210901,2009
4,5211008,2009
12,5211206,2009
7,5211305,2009
4,5211404,2009
24,5211503,2009
4,5211602,2009
4,5211701,2009
16,5211800,2009
25,5211909,2009
2,5212006,2009
1,5212055,2009
4,5212105,2009
6,5212204,2009
4,5212253,2009
8,5212303,2009
27,5212501,2009
2,5212600,2009
4,5212709,2009
6,5212808,2009
2,5212907,2009
3,5212956,2009
2,5213004,2009
1,5213053,2009
11,5213087,2009
10,5213103,2009
3,5213400,2009
5,5213509,2009
8,5213707,2009
4,5213756,2009
2,5213772,2009
12,5213806,2009
3,5213855,2009
6,5213905,2009
5,5214002,2009
3,5214051,2009
3,5214101,2009
4,5214408,2009
5,5214507,2009
15,5214606,2009
2,5214705,2009
1,5214804,2009
5,5214838,2009
6,5214861,2009
2,5214879,2009
2,5214903,2009
2,5215009,2009
4,5215207,2009
20,5215231,2009
1,5215256,2009
11,5215306,2009
1,5215405,2009
2,5215504,2009
10,5215603,2009
4,5215652,2009
4,5215702,2009
3,5215801,2009
4,5215900,2009
2,5216007,2009
3,5216304,2009
6,5216403,2009
5,5216452,2009
2,5216809,2009
2,5216908,2009
8,5217104,2009
5,5217203,2009
12,5217302,2009
10,5217401,2009
25,5217609,2009
5,5217708,2009
14,5218003,2009
2,5218052,2009
7,1100015,2009
2,1100379,2009
5,1100403,2009
6,1100346,2009
12,1100023,2009
4,1100452,2009
5,1100031,2009
3,1100601,2009
9,1100049,2009
3,1100700,2009
3,1100809,2009
2,1100908,2009
7,1100056,2009
4,1100924,2009
6,1100064,2009
1,1100072,2009
9,1100080,2009
1,1100940,2009
9,1100098,2009
3,1101005,2009
12,1100106,2009
2,1101104,2009
16,1100114,2009
20,1100122,2009
14,1100130,2009
2,1101203,2009
5,1101302,2009
9,1101401,2009
3,1100148,2009
5,1100338,2009
3,1101435,2009
2,1100502,2009
10,1100155,2009
1,1101450,2009
6,1100189,2009
2,1101468,2009
64,1100205,2009
9,1100254,2009
3,1101476,2009
3,1100262,2009
5,1100288,2009
2,1100296,2009
4,5218102,2009
8,5218300,2009
1,5218391,2009
12,5218508,2009
4,5218607,2009
1,5218706,2009
1,5218789,2009
30,5218805,2009
10,5218904,2009
5,5219001,2009
2,5219100,2009
3,5219209,2009
2,5219258,2009
10,5219308,2009
3,5219357,2009
3,5219407,2009
3,5219456,2009
2,5219506,2009
2,5219605,2009
6,5219704,2009
1,5219712,2009
2,5219738,2009
20,5219753,2009
4,5219803,2009
2,5219902,2009
5,5220009,2009
1,5220058,2009
10,5220108,2009
3,5220157,2009
6,5220207,2009
2,5220264,2009
1,5220280,2009
8,5220405,2009
22,5220454,2009
6,5220504,2009
10,5220603,2009
3,5220686,2009
1,5220702,2009
2,5221007,2009
1,5221080,2009
1,5221197,2009
1,5221304,2009
27,5221403,2009
2,5221452,2009
2,5221502,2009
2,5221551,2009
2,5221577,2009
14,5221601,2009
5,5221700,2009
1,5221809,2009
31,5221858,2009
1,5221908,2009
5,5222005,2009
3,5222054,2009
4,5222203,2009
2,5222302,2009
148,5300108,2009
